name,F0,F1,F2,F3,F4,F5,F6,F7,F8,F9,F10,F11,F12,F13,F14,F15,F16,F17,F18,F19,F20,F21,F22,F23,F24,F25,F26,F27,F28,F29,F30,F31,F32,F33,F34,F35,F36,F37,F38,F39,F40,F41,F42,F43,F44,F45,F46,F47,F48,F49,F50,F51,F52,F53,F54,F55,F56,F57,F58,F59,F60,F61,F62,F63,F64,F65,F66,F67,F68,F69,F70,F71,F72,F73,F74,F75,F76,F77,F78,F79,F80,F81,F82,F83,F84,F85,F86,F87,F88,F89,F90,F91,F92,F93,F94,F95,F96,F97,F98,F99
***.novo.dk,1,8080.144231,45569751.192308,16160.288462,12403542977440581116444551213601700245047808204509145989120,62188199177676814218126903882954218510232980605376403056714646284297496094506198653534014588764291072,24807085954881162232889102427203400490095616409018291978240,123823,9478508248,247646,8539.517241,62188199177676806447451334980037934832385353311300776487087290075739411087256559697916873767930298368,247646,8539.517241,62188199177676806447451334980037934832385353311300776487087290075739411087256559697916873767930298368,247646,8539.517241,62188199177676806447451334980037934832385353311300776487087290075739411087256559697916873767930298368,247646,10082.666667,41608401046834841275754654219308031280566104185238651685176746288164995082609240309760,241984,20482694.916667,62188199177676821988802472785870502188080607899452029626342002492855581101755837609151155409598283776,491584678,10318.583333,998601625124036411473994798561433948645774093310542118879729020368329647183396929011712,247646,8539.517241,8539.517241,8539.517241,62188199177676829759478041688786785865928235193527656195969358701413666109005476564768296230432276480,62188199177676829759478041688786785865928235193527656195969358701413666109005476564768296230432276480,62188199177676829759478041688786785865928235193527656195969358701413666109005476564768296230432276480,247646,247646,247646,14.5,208,29,14.5,208,29,14.5,208,29,14.5,208,29,1,1,29,1,1,29,1,1,29,1,1,29,1.208333,24,29,1.208333,24,29,1.208333,24,29,1.208333,24,29,29,29,29,29,29,29,29,29,29,29,29,29,2,29,1,24,2,29,1,24,8539.517241,62188199177676829759478041688786785865928235193527656195969358701413666109005476564768296230432276480,247646,29,29,29,29
001.msy4.communique.net,1,6891.375,6891.375,6891.375,986709150458228601599819776,986709150458228601599819776,986709150458228601599819776,55131,55131,55131,5757.357143,130654463371856779935744,40301.5,16002658.571429,986709150458228464160866304,112018610,7875.857143,261308926743713559871488,55131,6891.375,986709150458228464160866304,55131,6891.375,986709150458228464160866304,55131,6891.375,986709150458228464160866304,55131,6891.375,6891.375,6891.375,986709150458228601599819776,986709150458228601599819776,986709150458228601599819776,55131,55131,55131,8,8,8,8,8,8,8,8,8,8,8,8,1.142857,2,8,1.142857,2,8,1.142857,2,8,1.142857,2,8,1,1,8,1,1,8,1,1,8,1,1,8,8,8,8,8,8,8,8,8,8,8,8,8,1,7,1,8,1,7,1,8,6891.375,986709150458228601599819776,55131,8,8,8,8
007.thegap.com,1,13967.510417,15957712609249242,55870.041667,235378561281772799766948844986253419335146860406600083245553003003904,1281294324739808438126721366980049154663884279630008966158975160412959022537994074931657882631638634941589895019652978835456,941514245127091199067795379945013677340587441626400332982212012015616,150186,36766569851710251008,600744,18711.0625,1416436136585464742660091849432893511889598141079801625984730903229008682577853349358970868942542274268152185495748608,598754,77795.375,1281294324739808438126721366980049154663884279630008966158975160412959022537994074931657882631638634941589895019652978835456,2489452,18773.25,5665744546341858970640367397731574047558392564319206503938923612916034730311413397435883475770169097072608741982994432,600744,23335.130435,2748922062642998194540740264887718336660702043957849532205260956703416344739241674145792,536708,108037486431.391312,1281294324739808144558898520250895668478809680962880544198656546872975184126622633405529743305583201979215096923565099843584,2484862187922,26119.304348,1407448096073215075604859015622511788370279446506418960489093609832149168506491737162645504,600744,17668.941176,17668.941176,17668.941176,1281294324739808291342809943615472411571346980296444755178815853642967103332308354168593812968610918460402495971609039339520,1281294324739808291342809943615472411571346980296444755178815853642967103332308354168593812968610918460402495971609039339520,1281294324739808291342809943615472411571346980296444755178815853642967103332308354168593812968610918460402495971609039339520,600744,600744,600744,8.5,2304,34,8.5,2304,34,8.5,2304,34,8.5,2304,34,1.0625,4,34,1.0625,4,34,1.0625,4,34,1.0625,4,34,1.478261,512,34,1.478261,512,34,1.478261,512,34,1.478261,512,34,34,34,34,34,34,34,34,34,34,34,34,34,4,32,1,23,4,32,1,23,17668.941176,1281294324739808291342809943615472411571346980296444755178815853642967103332308354168593812968610918460402495971609039339520,600744,34,34,34,34
01-dynamic-c.wokingham.luna.net,1,7000.752297,329786965684.800781,21002.256892,4840633574286737983668224,0,14521900722860212877262848,142258.333333,789509995849413,426775,8400.054348,0,386402.5,1105037.826087,0,50831740,9277.717391,0,426775,11478.848485,0,378802,15132303885172738675347747292315648,0,499366028210700373980632651432722432,12932.575758,0,426775,7903.240741,7903.240741,7903.240741,0,0,0,426775,426775,426775,18,2394,54,18,2394,54,18,2394,54,18,2394,54,1.173913,128,54,1.173913,128,54,1.173913,128,54,1.173913,128,54,1.636364,800,54,1.636364,800,54,1.636364,800,54,1.636364,800,54,54,54,54,54,54,54,54,54,54,54,54,54,3,46,1,33,3,46,1,33,7903.240741,0,426775,54,54,54,54
01.ts01.zircon.net.au,1,10320.333333,10320.333333,10320.333333,25872363315,25872363315,25872363315,30961,30961,30961,10320.333333,25872363315,30961,10320.333333,25872363315,30961,10320.333333,25872363315,30961,10320.333333,25872363315,30961,10320.333333,25872363315,30961,10320.333333,25872363315,30961,10320.333333,10320.333333,10320.333333,25872363315,25872363315,25872363315,30961,30961,30961,3,3,3,3,3,3,3,3,3,3,3,3,1,1,3,1,1,3,1,1,3,1,1,3,1,1,3,1,1,3,1,1,3,1,1,3,3,3,3,3,3,3,3,3,3,3,3,3,1,3,1,3,1,3,1,3,10320.333333,25872363315,30961,3,3,3,3
02-17-05.comsvc.calpoly.edu,1,29402.6,29402.6,29402.6,3730780128010729984,3730780128010729984,3730780128010729984,147013,147013,147013,48095.444444,2102421775860,144286.333333,806466373,3730780128010729984,2419399119,49004.333333,6307265327580,147013,29402.6,3730780128010729984,147013,29402.6,3730780128010729984,147013,29402.6,3730780128010729984,147013,29402.6,29402.6,29402.6,3730780128010729984,3730780128010729984,3730780128010729984,147013,147013,147013,5,5,5,5,5,5,5,5,5,5,5,5,1.666667,3,5,1.666667,3,5,1.666667,3,5,1.666667,3,5,1,1,5,1,1,5,1,1,5,1,1,5,5,5,5,5,5,5,5,5,5,5,5,5,1,3,1,5,1,3,1,5,29402.6,3730780128010729984,147013,5,5,5,5
02-dynamic-c.wokingham.luna.net,1,28449.888889,28449.888889,28449.888889,34524353300520607587654701154304,34524353300520607587654701154304,34524353300520607587654701154304,256049,256049,256049,31934.3125,69516262455046952224278183936,255474.5,67527.25,34524353300520607587654701154304,540218,32006.125,139032524910093904448556367872,256049,28449.888889,34524353300520607587654701154304,256049,28449.888889,34524353300520607587654701154304,256049,28449.888889,34524353300520607587654701154304,256049,28449.888889,28449.888889,28449.888889,34524353300520607587654701154304,34524353300520607587654701154304,34524353300520607587654701154304,256049,256049,256049,9,9,9,9,9,9,9,9,9,9,9,9,1.125,2,9,1.125,2,9,1.125,2,9,1.125,2,9,1,1,9,1,1,9,1,1,9,1,1,9,9,9,9,9,9,9,9,9,9,9,9,9,1,8,1,9,1,8,1,9,28449.888889,34524353300520607587654701154304,256049,9,9,9,9
023.msy4.communique.net,1,37395.5,37395.5,37395.5,939799780,939799780,939799780,74791,74791,74791,37395.5,939799780,74791,37395.5,939799780,74791,37395.5,939799780,74791,37395.5,939799780,74791,37395.5,939799780,74791,37395.5,939799780,74791,37395.5,37395.5,37395.5,939799780,939799780,939799780,74791,74791,74791,2,2,2,2,2,2,2,2,2,2,2,2,1,1,2,1,1,2,1,1,2,1,1,2,1,1,2,1,1,2,1,1,2,1,1,2,2,2,2,2,2,2,2,2,2,2,2,2,1,2,1,2,1,2,1,2,37395.5,939799780,74791,2,2,2,2
03-dynamic-c.wokingham.luna.net,1,8988.355072,106904846211.652176,26965.065217,225586477146,0,676759431438,264986,29505737554416,794958,16164.418367,0,792056.5,99203.183673,0,4860956,16223.632653,0,794958,19337.882353,0,657488,2467962167461.882324,0,83910713693704,23381.117647,0,794958,15587.411765,15587.411765,15587.411765,0,0,0,794958,794958,794958,17,276,51,17,276,51,17,276,51,17,276,51,1.040816,4,51,1.040816,4,51,1.040816,4,51,1.040816,4,51,1.5,3456,51,1.5,3456,51,1.5,3456,51,1.5,3456,51,51,51,51,51,51,51,51,51,51,51,51,51,3,49,1,34,3,49,1,34,15587.411765,0,794958,51,51,51,51
0321jona.jon.rpslmc.edu,1,10254.6,10254.6,10254.6,1059901794867580987560759989347089834570061934946876840008817086352472157782017684515373859735439176432797322575872,1059901794867580987560759989347089834570061934946876840008817086352472157782017684515373859735439176432797322575872,1059901794867580987560759989347089834570061934946876840008817086352472157782017684515373859735439176432797322575872,307638,307638,307638,10977.888889,49943677646109113473662000472062418399040398421790313552117393691178335328618855911895078161265595514880,296403,1667987.740741,1059901794867581397670270886161825654414229519500882843728085378829803987614006386381561209618424780841518014398464,45035669,11394,399549421168872907789296003776499347192323187374322508416939149529426682628950847295160625290124764119040,307638,8900.791667,164408190445114317868413023873487166090125484509137736331552314180162889404213009024286720,213619,1489035192382166052896768,1059901794867581671076611484038316200977007909203553512874264240481358540835332187625686109540415183780665142280192,35736844617171983122038784,12818.25,1972898285341372040577380578115040179743585909203222861896566570241181312416149873746771968,307638,10254.6,10254.6,10254.6,1059901794867580987560759989347089834570061934946876840008817086352472157782017684515373859735439176432797322575872,1059901794867580987560759989347089834570061934946876840008817086352472157782017684515373859735439176432797322575872,1059901794867580987560759989347089834570061934946876840008817086352472157782017684515373859735439176432797322575872,307638,307638,307638,30,30,30,30,30,30,30,30,30,30,30,30,1.111111,8,30,1.111111,8,30,1.111111,8,30,1.111111,8,30,1.25,12,30,1.25,12,30,1.25,12,30,1.25,12,30,30,30,30,30,30,30,30,30,30,30,30,30,1,27,1,24,1,27,1,24,10254.6,1059901794867580987560759989347089834570061934946876840008817086352472157782017684515373859735439176432797322575872,307638,30,30,30,30
033.msy4.communique.net,1,55191.5,55191.5,55191.5,1826660352,1826660352,1826660352,110383,110383,110383,55191.5,1826660352,110383,55191.5,1826660352,110383,55191.5,1826660352,110383,55191.5,1826660352,110383,55191.5,1826660352,110383,55191.5,1826660352,110383,55191.5,55191.5,55191.5,1826660352,1826660352,1826660352,110383,110383,110383,2,2,2,2,2,2,2,2,2,2,2,2,1,1,2,1,1,2,1,1,2,1,1,2,1,1,2,1,1,2,1,1,2,1,1,2,2,2,2,2,2,2,2,2,2,2,2,2,1,2,1,2,1,2,1,2,55191.5,1826660352,110383,2,2,2,2
04-dynamic-c.rotterdam.luna.net,1,6773.684211,6773.684211,6773.684211,8673159399159123312846590820326625765037586535852196495953510793216,8673159399159123312846590820326625765037586535852196495953510793216,8673159399159123312846590820326625765037586535852196495953510793216,128700,128700,128700,8235.733333,16785546943994456148198889607738288890929203775461654528,123536,5064567.8,8673159399159123312846590820326625765037586535852196495953510793216,75968517,8580,201426563327933517334529641172982790003100196571870920704,128700,6773.684211,8673159399159123312846590820326625765037586535852196495953510793216,128700,6773.684211,8673159399159123312846590820326625765037586535852196495953510793216,128700,6773.684211,8673159399159123312846590820326625765037586535852196495953510793216,128700,6773.684211,6773.684211,6773.684211,8673159399159123312846590820326625765037586535852196495953510793216,8673159399159123312846590820326625765037586535852196495953510793216,8673159399159123312846590820326625765037586535852196495953510793216,128700,128700,128700,19,19,19,19,19,19,19,19,19,19,19,19,1.266667,12,19,1.266667,12,19,1.266667,12,19,1.266667,12,19,1,1,19,1,1,19,1,1,19,1,1,19,19,19,19,19,19,19,19,19,19,19,19,19,1,15,1,19,1,15,1,19,6773.684211,8673159399159123312846590820326625765037586535852196495953510793216,128700,19,19,19,19
04-dynamic-c.wokingham.luna.net,1,7617.063333,31918828.673333,15234.126667,46061347272749993623999441128497742397659223776229896289402237244714793220342957726121328640,172119578442927023502880078398149785943921411883426832448152868116995483647110319879441155102460265466519617536,92122694545499987247998882256995484795318447552459792578804474489429586440685915452242657280,166599,4787824301,333198,12192.37037,1655341915149758242812035392404087729964550805630574667397867128144607614203386311056208499486752768,329194,2748067.592593,172119578442926990128082642133929748521707252984175041780894706294295953224585197657257939779951671357737009152,74197825,12340.666667,19864102981797102799082209160307194598498423314604709293588083642014333874065455210483072404258029568,333198,12963.04,545620377744152897421163601216567916876365326365546419519520067074934250556652771746215100416,324076,1497056.32,172119578442927023502880078398149785943921411883426832448152868116995483647110319879441155102460265466519617536,37426408,13327.92,34919704175625785434954470477860346680087380887394970849249284292795792035625777391757766426624,333198,10748.322581,10748.322581,10748.322581,172119578442927023502880078398149785943921411883426832448152868116995483647110319879441155102460265466519617536,172119578442927023502880078398149785943921411883426832448152868116995483647110319879441155102460265466519617536,172119578442927023502880078398149785943921411883426832448152868116995483647110319879441155102460265466519617536,333198,333198,333198,15.5,150,31,15.5,150,31,15.5,150,31,15.5,150,31,1.148148,12,31,1.148148,12,31,1.148148,12,31,1.148148,12,31,1.24,64,31,1.24,64,31,1.24,64,31,1.24,64,31,31,31,31,31,31,31,31,31,31,31,31,31,2,27,1,25,2,27,1,25,10748.322581,172119578442927023502880078398149785943921411883426832448152868116995483647110319879441155102460265466519617536,333198,31,31,31,31
049.215.goodnet.com,1,4234.333333,4234.333333,4234.333333,195570024378032488448,195570024378032488448,195570024378032488448,25406,25406,25406,5742,147668306292585,22968,744055.75,195570024378032488448,2976223,6351.5,590673225170340,25406,4234.333333,195570024378032488448,25406,4234.333333,195570024378032488448,25406,4234.333333,195570024378032488448,25406,4234.333333,4234.333333,4234.333333,195570024378032488448,195570024378032488448,195570024378032488448,25406,25406,25406,6,6,6,6,6,6,6,6,6,6,6,6,1.5,4,6,1.5,4,6,1.5,4,6,1.5,4,6,1,1,6,1,1,6,1,1,6,1,1,6,6,6,6,6,6,6,6,6,6,6,6,6,1,4,1,6,1,4,1,6,4234.333333,195570024378032488448,25406,6,6,6,6
05-dynamic-c.rotterdam.luna.net,1,7831.691667,43721494.7,15663.383333,579304126051499,0,1158608252102998,81258.5,2623289682,162517,11534.357143,0,161481,49780.785714,0,696931,11608.357143,0,162517,12813.727273,0,140951,19676375.727273,0,216440133,14774.272727,0,162517,9559.823529,9559.823529,9559.823529,0,0,0,162517,162517,162517,8.5,60,17,8.5,60,17,8.5,60,17,8.5,60,17,1.214286,8,17,1.214286,8,17,1.214286,8,17,1.214286,8,17,1.545455,48,17,1.545455,48,17,1.545455,48,17,1.545455,48,17,17,17,17,17,17,17,17,17,17,17,17,17,2,14,1,11,2,14,1,11,9559.823529,0,162517,17,17,17,17
05-dynamic-c.wokingham.luna.net,1,11202.2975,120543413.82,22404.595,24740237603778712397281572515615576880820586873971805200305804342855888959477298023628800,37767488436674515224991568091200594701164788427652783631547331713759167894431552433808887661089078658189221339070464,49480475207557424794563145031231153761641173747943610400611608685711777918954596047257600,203745.5,24108682764,407491,16063.88,2377821624168698676755947186678217862478692274168025419729427489795439359259968472848349003776,401597,1789458210.68,37767488436674506475988668959152897211155879957167322218869608140909422191349126793996890863585385764136513246855168,44736455267,16299.64,228270875920195147075508041803473985883384863880391466386815225030323163741810738457844473921536,407491,14707.05,3475356966860865447110474429966435490376522319204132636919763387226783744,294141,4907916413685.450195,37767488436674506475988668959152897211155879957167322218869608140909422191349126793996890863585385764136513246855168,98158328273709,20374.55,6005416838735576044991852529009907744920099809859385813604630245962919444480,407491,12348.212121,12348.212121,12348.212121,37767488436674502101487219393129048466151425721924591512530746354484549339807913974090892464833539317110159200747520,37767488436674502101487219393129048466151425721924591512530746354484549339807913974090892464833539317110159200747520,37767488436674502101487219393129048466151425721924591512530746354484549339807913974090892464833539317110159200747520,407491,407491,407491,16.5,200,33,16.5,200,33,16.5,200,33,16.5,200,33,1.32,96,33,1.32,96,33,1.32,96,33,1.32,96,33,1.65,1728,33,1.65,1728,33,1.65,1728,33,1.65,1728,33,33,33,33,33,33,33,33,33,33,33,33,33,2,25,1,20,2,25,1,20,12348.212121,37767488436674502101487219393129048466151425721924591512530746354484549339807913974090892464833539317110159200747520,407491,33,33,33,33
052.215.goodnet.com,1,7092.223958,29221833.619792,14184.447917,155882802544501863647347897925136077239557746381830294564920147618038354538637605853000106225197426243796992,579063754787806447118735756567019003698702035474116408118525776000349151221764581236198653195449207573642120959720990846222336,311765605089003727294695795850272154479115492763660589129840295236076709077275211706000212450394852487593984,194436,5610592055,388872,11606,3866050979476150046425737147904524284010377800220979812737632587721494089468937058990420741989850751945668558848,382998,6635694.363636,579063754787806672578823702855008881088839327250471036184050471199056739121697848328265064197859780088745965897516481911980032,218977914,11784,69588917630570673067831801690450365976904620199800146794118595942500884298899965372971138207490163236514903883776,388872,15423.25,71367569221349845079264238520653009764682761163896609999137020005746985374668816384,370158,3374208069693274100596736,579063754787806672578823702855008881088839327250471036184050471199056739121697848328265064197859780088745965897516481911980032,80980993672638578414321664,16203,54810293161996677570001761788579617781898429435359870253782745279220407186483539083264,388872,10233.473684,10233.473684,10233.473684,579063754787806597425461054092345588625460229991686160162208906132820876488386759297576260530389589250378017584917984890060800,579063754787806597425461054092345588625460229991686160162208906132820876488386759297576260530389589250378017584917984890060800,579063754787806597425461054092345588625460229991686160162208906132820876488386759297576260530389589250378017584917984890060800,388872,388872,388872,19,192,38,19,192,38,19,192,38,19,192,38,1.151515,18,38,1.151515,18,38,1.151515,18,38,1.151515,18,38,1.583333,768,38,1.583333,768,38,1.583333,768,38,1.583333,768,38,38,38,38,38,38,38,38,38,38,38,38,38,2,33,1,24,2,33,1,24,10233.473684,579063754787806597425461054092345588625460229991686160162208906132820876488386759297576260530389589250378017584917984890060800,388872,38,38,38,38
06-dynamic-c.rotterdam.luna.net,1,15221.845455,231434434.254545,30443.690909,72490126100172185988912611276385364738048,1910918620440121737625104948407663129659030809927061819416166084216004727013376,144980252200344371977825222552770729476096,159569.5,25457787768,319139,15197.095238,1910918620440121326248965618106152590916735170589435573732199675821038889861120,319139,15197.095238,1910918620440121326248965618106152590916735170589435573732199675821038889861120,319139,15197.095238,1910918620440121326248965618106152590916735170589435573732199675821038889861120,319139,14703.666667,10906895719149548222591414056440132352535324043512509066926738112512,264666,135406295.444444,1910918620440122149001244278709173668401326449264688065100132492610970564165632,2437313318,17729.944444,87255165753196385780731312451521058820282592348100072535413904900096,319139,15197.095238,15197.095238,15197.095238,1910918620440121737625104948407663129659030809927061819416166084216004727013376,1910918620440121737625104948407663129659030809927061819416166084216004727013376,1910918620440121737625104948407663129659030809927061819416166084216004727013376,319139,319139,319139,10.5,110,21,10.5,110,21,10.5,110,21,10.5,110,21,1,1,21,1,1,21,1,1,21,1,1,21,1.166667,8,21,1.166667,8,21,1.166667,8,21,1.166667,8,21,21,21,21,21,21,21,21,21,21,21,21,21,2,21,1,18,2,21,1,18,15197.095238,1910918620440121737625104948407663129659030809927061819416166084216004727013376,319139,21,21,21,21
07-dynamic-c.rotterdam.luna.net,1,3305.5,3305.5,3305.5,14599494937440,14599494937440,14599494937440,13222,13222,13222,4075.666667,15350123700,12227,319192,14599494937440,957576,4407.333333,30700247400,13222,3305.5,14599494937440,13222,3305.5,14599494937440,13222,3305.5,14599494937440,13222,3305.5,3305.5,3305.5,14599494937440,14599494937440,14599494937440,13222,13222,13222,4,4,4,4,4,4,4,4,4,4,4,4,1.333333,2,4,1.333333,2,4,1.333333,2,4,1.333333,2,4,1,1,4,1,1,4,1,1,4,1,1,4,4,4,4,4,4,4,4,4,4,4,4,4,1,3,1,4,1,3,1,4,3305.5,14599494937440,13222,4,4,4,4
0772jela.jelke.rpslmc.edu,1,880.333333,880.333333,880.333333,616069944,616069944,616069944,2641,2641,2641,823,647745,1646,473497.5,616069944,946995,1320.5,1295490,2641,880.333333,616069944,2641,880.333333,616069944,2641,880.333333,616069944,2641,880.333333,880.333333,880.333333,616069944,616069944,616069944,2641,2641,2641,3,3,3,3,3,3,3,3,3,3,3,3,1.5,2,3,1.5,2,3,1.5,2,3,1.5,2,3,1,1,3,1,1,3,1,1,3,1,1,3,3,3,3,3,3,3,3,3,3,3,3,3,1,2,1,3,1,2,1,3,880.333333,616069944,2641,3,3,3,3
07mb369b.uni-duisburg.de,1,2492,2492,2492,1842958555396790784,1842958555396790784,1842958555396790784,14952,14952,14952,2930.7,6476456038072356,14653.5,19859.4,1842958555396790784,99297,2990.4,12952912076144712,14952,2492,1842958555396790784,14952,2492,1842958555396790784,14952,2492,1842958555396790784,14952,2492,2492,2492,1842958555396790784,1842958555396790784,1842958555396790784,14952,14952,14952,6,6,6,6,6,6,6,6,6,6,6,6,1.2,2,6,1.2,2,6,1.2,2,6,1.2,2,6,1,1,6,1,1,6,1,1,6,1,1,6,6,6,6,6,6,6,6,6,6,6,6,6,1,5,1,6,1,5,1,6,2492,1842958555396790784,14952,6,6,6,6
08-dynamic-c.rotterdam.luna.net,1,12485,149016064,24970,3538911861619745.5,69829808853383479296,7077823723239491,35141,596064256,70282,14056.4,69829808853383479296,70282,14056.4,69829808853383479296,70282,14056.4,69829808853383479296,70282,14056.4,69829808853383479296,70282,14056.4,69829808853383479296,70282,14056.4,69829808853383479296,70282,14056.4,14056.4,14056.4,69829808853383479296,69829808853383479296,69829808853383479296,70282,70282,70282,2.5,4,5,2.5,4,5,2.5,4,5,2.5,4,5,1,1,5,1,1,5,1,1,5,1,1,5,1,1,5,1,1,5,1,1,5,1,1,5,5,5,5,5,5,5,5,5,5,5,5,5,2,5,1,5,2,5,1,5,14056.4,69829808853383479296,70282,5,5,5,5
086.msy4.communique.net,1,33574.636364,33574.636364,33574.636364,42430689839010913276992870613328824488689664,42430689839010913276992870613328824488689664,42430689839010913276992870613328824488689664,369321,369321,369321,33574.636364,42430689839010908325232713471807724892192768,369321,33574.636364,42430689839010908325232713471807724892192768,369321,33574.636364,42430689839010908325232713471807724892192768,369321,33574.636364,42430689839010908325232713471807724892192768,369321,33574.636364,42430689839010908325232713471807724892192768,369321,33574.636364,42430689839010908325232713471807724892192768,369321,33574.636364,33574.636364,33574.636364,42430689839010913276992870613328824488689664,42430689839010913276992870613328824488689664,42430689839010913276992870613328824488689664,369321,369321,369321,11,11,11,11,11,11,11,11,11,11,11,11,1,1,11,1,1,11,1,1,11,1,1,11,1,1,11,1,1,11,1,1,11,1,1,11,11,11,11,11,11,11,11,11,11,11,11,11,1,11,1,11,1,11,1,11,33574.636364,42430689839010913276992870613328824488689664,369321,11,11,11,11
0875pr3e.pro.rpslmc.edu,1,4903.0625,4903.0625,4903.0625,3484766261899084954895335690279479545539690925513506816,3484766261899084954895335690279479545539690925513506816,3484766261899084954895335690279479545539690925513506816,78449,78449,78449,5505.683333,458463764016889840484523113845882880,55056.833333,6950105562.2,3484766261899084954895335690279479545539690925513506816,69501055622,7844.9,16504695504608030715667969946217873408,78449,4903.0625,3484766261899084954895335690279479545539690925513506816,78449,4903.0625,3484766261899084954895335690279479545539690925513506816,78449,4903.0625,3484766261899084954895335690279479545539690925513506816,78449,4903.0625,4903.0625,4903.0625,3484766261899084954895335690279479545539690925513506816,3484766261899084954895335690279479545539690925513506816,3484766261899084954895335690279479545539690925513506816,78449,78449,78449,16,16,16,16,16,16,16,16,16,16,16,16,1.6,36,16,1.6,36,16,1.6,36,16,1.6,36,16,1,1,16,1,1,16,1,1,16,1,1,16,16,16,16,16,16,16,16,16,16,16,16,16,1,10,1,16,1,10,1,16,4903.0625,3484766261899084954895335690279479545539690925513506816,78449,16,16,16,16
0885-12.etech.fh-hamburg.de,1,14270.571429,14270.571429,14270.571429,157299487794727770652672,157299487794727770652672,157299487794727770652672,99894,99894,99894,14270.571429,157299487794727770652672,99894,14270.571429,157299487794727770652672,99894,14270.571429,157299487794727770652672,99894,14270.571429,157299487794727770652672,99894,14270.571429,157299487794727770652672,99894,14270.571429,157299487794727770652672,99894,14270.571429,14270.571429,14270.571429,157299487794727770652672,157299487794727770652672,157299487794727770652672,99894,99894,99894,7,7,7,7,7,7,7,7,7,7,7,7,1,1,7,1,1,7,1,1,7,1,1,7,1,1,7,1,1,7,1,1,7,1,1,7,7,7,7,7,7,7,7,7,7,7,7,7,1,7,1,7,1,7,1,7,14270.571429,157299487794727770652672,99894,7,7,7,7
1.ts1.mnet.medstroms.se,1,7588.189076,56732457.579832,15176.378151,11559586500543643164357973919164158242801253064597225603072,0,23119173001087286328715947838328316485602506129194451206144,116235.5,13502324904,232471,8721.076923,0,226748,2934745.576923,0,76303385,8941.192308,0,232471,9009.083333,0,216218,3673440.833333,0,88162580,9686.291667,0,232471,7499.064516,7499.064516,7499.064516,0,0,0,232471,232471,232471,15.5,238,31,15.5,238,31,15.5,238,31,15.5,238,31,1.192308,24,31,1.192308,24,31,1.192308,24,31,1.192308,24,31,1.291667,128,31,1.291667,128,31,1.291667,128,31,1.291667,128,31,31,31,31,31,31,31,31,31,31,31,31,31,2,26,1,24,2,26,1,24,7499.064516,0,232471,31,31,31,31
1.ts2.mnet.medstroms.se,1,33024.875,990149262.375,66049.75,365897712883710,250525421865190144606208,731795425767420,89050,7921194099,178100,35328.3,177163554735033745408,176641.5,447527,250525421865190144606208,2237635,35620,354327109470067490816,178100,34784.2,59948653234072780800,173921,3526756.6,250525421865190144606208,17633783,35620,119897306468145561600,178100,29683.333333,29683.333333,29683.333333,250525421865190144606208,250525421865190144606208,250525421865190144606208,178100,178100,178100,3,8,6,3,8,6,3,8,6,3,8,6,1.2,2,6,1.2,2,6,1.2,2,6,1.2,2,6,1.2,2,6,1.2,2,6,1.2,2,6,1.2,2,6,6,6,6,6,6,6,6,6,6,6,6,6,2,5,1,5,2,5,1,5,29683.333333,250525421865190144606208,178100,6,6,6,6
10-dynamic-c.rotterdam.luna.net,1,3280.5,3280.5,3280.5,13688165665440,13688165665440,13688165665440,13122,13122,13122,2687.666667,5817746.666667,5375.333333,4556647111,13688165665440,9113294222,6561,17453240,13122,3280.5,13688165665440,13122,3280.5,13688165665440,13122,3280.5,13688165665440,13122,3280.5,3280.5,3280.5,13688165665440,13688165665440,13688165665440,13122,13122,13122,4,4,4,4,4,4,4,4,4,4,4,4,2,3,4,2,3,4,2,3,4,2,3,4,1,1,4,1,1,4,1,1,4,1,1,4,4,4,4,4,4,4,4,4,4,4,4,4,1,2,1,4,1,2,1,4,3280.5,13688165665440,13122,4,4,4,4
10.salc.wsu.edu,1,2498.666667,2498.666667,2498.666667,1853438842888384768,1853438842888384768,1853438842888384768,14992,14992,14992,2600.333333,3943152394236.000488,10401.333333,269726572.5,1853438842888384768,1078906290,3748,11829457182708,14992,2498.666667,1853438842888384768,14992,2498.666667,1853438842888384768,14992,2498.666667,1853438842888384768,14992,2498.666667,2498.666667,2498.666667,1853438842888384768,1853438842888384768,1853438842888384768,14992,14992,14992,6,6,6,6,6,6,6,6,6,6,6,6,1.5,3,6,1.5,3,6,1.5,3,6,1.5,3,6,1,1,6,1,1,6,1,1,6,1,1,6,6,6,6,6,6,6,6,6,6,6,6,6,1,4,1,6,1,4,1,6,2498.666667,1853438842888384768,14992,6,6,6,6
10.ts2.mnet.medstroms.se,1,44099.559524,27818139904292.570313,132298.678571,514155113499168,0,1542465340497504,126635.666667,1557815834640384,379907,21105.944444,0,379907,21105.944444,0,379907,21105.944444,0,379907,25327.133333,0,379907,25327.133333,0,379907,25327.133333,0,379907,19995.105263,19995.105263,19995.105263,0,0,0,379907,379907,379907,6.333333,56,19,6.333333,56,19,6.333333,56,19,6.333333,56,19,1.055556,2,19,1.055556,2,19,1.055556,2,19,1.055556,2,19,1.266667,5,19,1.266667,5,19,1.266667,5,19,1.266667,5,19,19,19,19,19,19,19,19,19,19,19,19,19,3,18,1,15,3,18,1,15,19995.105263,0,379907,19,19,19,19
100.144.med.umich.edu,1,20859.894737,20859.894737,20859.894737,8819753513224949520404593801956253484931635596774000595788237696391744323584,8819753513224949520404593801956253484931635596774000595788237696391744323584,8819753513224949520404593801956253484931635596774000595788237696391744323584,396338,396338,396338,21464.588235,944367815522256047392064922859678779358483742383015834850259426607104,364898,5764043.117647,8819753513224949520404593801956253484931635596774000595788237696391744323584,97988733,23314,3777471262089024189568259691438715117433934969532063339401037706428416,396338,20859.894737,8819753513224949520404593801956253484931635596774000595788237696391744323584,396338,20859.894737,8819753513224949520404593801956253484931635596774000595788237696391744323584,396338,20859.894737,8819753513224949520404593801956253484931635596774000595788237696391744323584,396338,20859.894737,20859.894737,20859.894737,8819753513224949520404593801956253484931635596774000595788237696391744323584,8819753513224949520404593801956253484931635596774000595788237696391744323584,8819753513224949520404593801956253484931635596774000595788237696391744323584,396338,396338,396338,19,19,19,19,19,19,19,19,19,19,19,19,1.117647,4,19,1.117647,4,19,1.117647,4,19,1.117647,4,19,1,1,19,1,1,19,1,1,19,1,1,19,19,19,19,19,19,19,19,19,19,19,19,19,1,17,1,19,1,17,1,19,20859.894737,8819753513224949520404593801956253484931635596774000595788237696391744323584,396338,19,19,19,19
10044.geo.net,1,7045.256944,39070752.916667,14090.513889,1322508772137610355579181862539038016270064384420200567490438127002892941004353783214374912,66463275680133839761131276701529624438726169691520536039514445334149349797523419742801025914417181020290929121873100800,2645017544275220711158363725078076032540128768840401134980876254005785882008707566428749824,140624.5,8439282630,281249,8489.25,10114220812127715326765263781682054722311022579225117289281976516507670528257699520037773453441666735784386677964800,271656,1978133,66463275680133794966236433145445413289880558322634973606604500641158651797741400466963602311198273402741063689730785280,63300256,8789.03125,20228441624255430653530527563364109444622045158450234578563953033015341056515399040075546906883333471568773355929600,281249,9039,8682361686280795809295683173758538783267094095090604736321227037512765404590401777233265644836163601404264448,271170,2258680.8,66463275680133812884194370567879097749418802870189198579768478518354930997654208177298571752485836449761009862587711488,67760424,9374.966667,69458893490246366474365465390068310266136752760724837890569816300102123236723214217866125158689308811234115584,281249,8522.69697,8522.69697,8522.69697,66463275680133830802152307990312782208957047417743423552932456395551210197567015887633541193773399496780956035444637696,66463275680133830802152307990312782208957047417743423552932456395551210197567015887633541193773399496780956035444637696,66463275680133830802152307990312782208957047417743423552932456395551210197567015887633541193773399496780956035444637696,281249,281249,281249,16.5,216,33,16.5,216,33,16.5,216,33,16.5,216,33,1.03125,2,33,1.03125,2,33,1.03125,2,33,1.03125,2,33,1.1,8,33,1.1,8,33,1.1,8,33,1.1,8,33,33,33,33,33,33,33,33,33,33,33,33,33,2,32,1,30,2,32,1,30,8522.69697,66463275680133830802152307990312782208957047417743423552932456395551210197567015887633541193773399496780956035444637696,281249,33,33,33,33
101.irri.cgiar.org,1,4750.857143,4750.857143,4750.857143,1404931502304138683607283363600529673118810112,1404931502304138683607283363600529673118810112,1404931502304138683607283363600529673118810112,66512,66512,66512,3972.71875,62032586122944065965129728,31781.75,225393616611974.75,1404931502304138366694633306543179298943008768,1803148932895798,8314,992521377967105055442075648,66512,5456.333333,5237532768065292772135280751724950716416,65476,50104.166667,1404931502304138683607283363600529673118810112,601250,5542.666667,20950131072261171088541123006899802865664,66512,4750.857143,4750.857143,4750.857143,1404931502304138683607283363600529673118810112,1404931502304138683607283363600529673118810112,1404931502304138683607283363600529673118810112,66512,66512,66512,14,14,14,14,14,14,14,14,14,14,14,14,1.75,16,14,1.75,16,14,1.75,16,14,1.75,16,14,1.166667,4,14,1.166667,4,14,1.166667,4,14,1.166667,4,14,14,14,14,14,14,14,14,14,14,14,14,14,1,8,1,12,1,8,1,12,4750.857143,1404931502304138683607283363600529673118810112,66512,14,14,14,14
103.135.med.umich.edu,1,5986.125,5986.125,5986.125,46468638751554099413549842432,46468638751554099413549842432,46468638751554099413549842432,47889,47889,47889,5700.833333,12404116047330096971776,34205,4271952478.5,46468638751554099413549842432,25631714871,7981.5,37212348141990288818176,47889,5986.125,46468638751554099413549842432,47889,5986.125,46468638751554099413549842432,47889,5986.125,46468638751554099413549842432,47889,5986.125,5986.125,5986.125,46468638751554099413549842432,46468638751554099413549842432,46468638751554099413549842432,47889,47889,47889,8,8,8,8,8,8,8,8,8,8,8,8,1.333333,3,8,1.333333,3,8,1.333333,3,8,1.333333,3,8,1,1,8,1,1,8,1,1,8,1,1,8,8,8,8,8,8,8,8,8,8,8,8,8,1,6,1,8,1,6,1,8,5986.125,46468638751554099413549842432,47889,8,8,8,8
1032015.ksc.nasa.gov,1,2508.473159,99317214888580944,12542.365797,1179457804470039125445135076391143994403110627418513788456134577524638244013809020625088048594070799228916758321596922998804055100897898775328271771811119887225184444738610069701004227360529741974150020951330506312401484979997608462907084084418546495389696,9999999,5897289022350195627225675381955719972015553137092568942280672887623191220069045103125440242970353996144583791607984614994020275504489493876641358859055599436125922223693050348505021136802648709870750104756652531562007424899988042314535420422092732476948480,138015.6,37481840176318991109718016,690078,3620.399767,9999999,517717.166667,4756448523.86014,9999999,680172138912,4825.72028,9999999,690078,4786.333333,232238736134129352321748855215859255214080,57436,18388802635447378049177619468170671792414102623181179689336039511619522357723372523121778740287627089857194873149603761703366399883385593064122696679970312083662660849106944,9999999,220665631625368522860536113356828631545167633315387721733161873852823449503753551906374978088139420833167057154886135185847774015638911042525496360726356119855895347959169024,57506.5,778631235435087256512516213052311127667532079671803904,690078,2509.374545,2509.374545,2509.374545,9999999,9999999,9999999,690078,690078,690078,55,377395200,275,55,377395200,275,55,377395200,275,55,377395200,275,1.923077,52750291955504401406433398095872,275,1.923077,52750291955504401406433398095872,275,1.923077,52750291955504401406433398095872,275,1.923077,52750291955504401406433398095872,275,22.916667,3352719052800,275,22.916667,3352719052800,275,22.916667,3352719052800,275,22.916667,3352719052800,275,275,275,275,275,275,275,275,275,275,275,275,275,5,143,1,12,5,143,1,12,2509.374545,9999999,690078,275,275,275,275
1032ap.sscl.uwo.ca,1,11571.25,11571.25,11571.25,152016299660400,152016299660400,152016299660400,46285,46285,46285,15096.666667,159832173250,45290,330213,152016299660400,990639,15428.333333,319664346500,46285,11571.25,152016299660400,46285,11571.25,152016299660400,46285,11571.25,152016299660400,46285,11571.25,11571.25,11571.25,152016299660400,152016299660400,152016299660400,46285,46285,46285,4,4,4,4,4,4,4,4,4,4,4,4,1.333333,2,4,1.333333,2,4,1.333333,2,4,1.333333,2,4,1,1,4,1,1,4,1,1,4,1,1,4,4,4,4,4,4,4,4,4,4,4,4,4,1,3,1,4,1,3,1,4,11571.25,152016299660400,46285,4,4,4,4
1032by.sscl.uwo.ca,1,3949.6,3949.6,3949.6,1243747264302840,1243747264302840,1243747264302840,19748,19748,19748,6239.333333,4691299800,18718,45517963.333333,1243747264302840,136553890,6582.666667,14073899400,19748,4809.75,2443511324760,19239,69452.75,1243747264302840,277811,4937,4887022649520,19748,3949.6,3949.6,3949.6,1243747264302840,1243747264302840,1243747264302840,19748,19748,19748,5,5,5,5,5,5,5,5,5,5,5,5,1.666667,3,5,1.666667,3,5,1.666667,3,5,1.666667,3,5,1.25,2,5,1.25,2,5,1.25,2,5,1.25,2,5,5,5,5,5,5,5,5,5,5,5,5,5,1,3,1,4,1,3,1,4,3949.6,1243747264302840,19748,5,5,5,5
105.4.med.umich.edu,1,15104,15104,15104,7077823723229625,7077823723229625,7077823723229625,60416,60416,60416,18831.333333,1814362204950,56494,5117429,7077823723229625,15352287,20138.666667,3628724409900,60416,15104,7077823723229625,60416,15104,7077823723229625,60416,15104,7077823723229625,60416,15104,15104,15104,7077823723229625,7077823723229625,7077823723229625,60416,60416,60416,4,4,4,4,4,4,4,4,4,4,4,4,1.333333,2,4,1.333333,2,4,1.333333,2,4,1.333333,2,4,1,1,4,1,1,4,1,1,4,1,1,4,4,4,4,4,4,4,4,4,4,4,4,4,1,3,1,4,1,3,1,4,15104,7077823723229625,60416,4,4,4,4
107.tcom.co.uk,1,5625.333333,5625.333333,5625.333333,1501535877682893946880,1501535877682893946880,1501535877682893946880,33752,33752,33752,6501.333333,638183052483480,26005.333333,2278328713,1501535877682893946880,9113314852,8438,1914549157450440,33752,5625.333333,1501535877682893946880,33752,5625.333333,1501535877682893946880,33752,5625.333333,1501535877682893946880,33752,5625.333333,5625.333333,5625.333333,1501535877682893946880,1501535877682893946880,1501535877682893946880,33752,33752,33752,6,6,6,6,6,6,6,6,6,6,6,6,1.5,3,6,1.5,3,6,1.5,3,6,1.5,3,6,1,1,6,1,1,6,1,1,6,1,1,6,6,6,6,6,6,6,6,6,6,6,6,6,1,4,1,6,1,4,1,6,5625.333333,1501535877682893946880,33752,6,6,6,6
109-02.ic.uva.nl,1,30067,30067,30067,904024489,904024489,904024489,60134,60134,60134,30067,904024489,60134,30067,904024489,60134,30067,904024489,60134,30067,30067,30067,904024489,904024489,904024489,60134,60134,60134,30067,30067,30067,904024489,904024489,904024489,60134,60134,60134,2,2,2,2,2,2,2,2,2,2,2,2,1,1,2,1,1,2,1,1,2,1,1,2,2,2,2,2,2,2,2,2,2,2,2,2,2,2,2,2,2,2,2,2,2,2,2,2,1,2,1,1,1,2,1,1,30067,904024489,60134,2,2,2,2
10forward.ppp.america.com,1,15522.894444,22197474119903232,62091.577778,321207543.75,0,1284830175,95961,11986636024747747328,383844,12129.032258,0,376000,998954.387097,0,30967586,12382.064516,0,383844,16830.631579,0,319782,312829403859.263184,0,5943758673326,20202.315789,0,383844,10662.333333,10662.333333,10662.333333,0,0,0,383844,383844,383844,9,540,36,9,540,36,9,540,36,9,540,36,1.16129,24,36,1.16129,24,36,1.16129,24,36,1.16129,24,36,1.894737,576,36,1.894737,576,36,1.894737,576,36,1.894737,576,36,36,36,36,36,36,36,36,36,36,36,36,36,4,31,1,19,4,31,1,19,10662.333333,0,383844,36,36,36,36
10md423.uni-duisburg.de,1,7681.033033,57621374.114114,15362.066066,30345326479765377092314101321289860434196388651923949593551876463478435238074988074440818861520649195244008563418321293956298898931712,228864977644428969030253313067211294776501075511988931941370265714638595879117052696795621541626044527963217776622487900665494978807799724000107809138045386078814208,60690652959530754184628202642579720868392777303847899187103752926956870476149976148881637723041298390488017126836642587912597797863424,160236,19187917580,320472,7640.682927,328967081740436884168286039159104252140102236560352689632767108411781931844562559647613802142187361549174180619290377026191276076760658021570490400768,313268,1838733.95122,228864977644428841163432692124169497386278543183897048478790342157420256688047986441569199484026244400225236295991349194154396245992525926451023985489879240433205248,75388092,7816.390244,7895209961770485583458227087621947326024357621450731728007090945541796505014601021862375308111458340275705691744751829009851428975344759284992583925760,320472,7799.897436,50017432199208656941201048012616001253078027239735657834912928196039607558216154812671320955315469812800272172970606586213841723470673768087552,304196,1872261058.358974,228864977644428866736796816312777856864323049649515425171306326868863924526261799692614483895546204425772832592117576935456615992555580685960840750219512469562327040,73018181276,8217.230769,4801673491124030026604165313905563778390171561358234363487737840888586636658908131533456384600676462038423839552836445754824694926845245871095808,320472,6966.782609,6966.782609,6966.782609,228864977644428943456889188878602935298456569046370555248854281003194928040903239445750337130106084502415621480496260159363275232244744964490291044408412156949692416,228864977644428943456889188878602935298456569046370555248854281003194928040903239445750337130106084502415621480496260159363275232244744964490291044408412156949692416,228864977644428943456889188878602935298456569046370555248854281003194928040903239445750337130106084502415621480496260159363275232244744964490291044408412156949692416,320472,320472,320472,23,333,46,23,333,46,23,333,46,23,333,46,1.121951,24,46,1.121951,24,46,1.121951,24,46,1.121951,24,46,1.179487,96,46,1.179487,96,46,1.179487,96,46,1.179487,96,46,46,46,46,46,46,46,46,46,46,46,46,46,2,41,1,39,2,41,1,39,6966.782609,228864977644428943456889188878602935298456569046370555248854281003194928040903239445750337130106084502415621480496260159363275232244744964490291044408412156949692416,320472,46,46,46,46
11.ts1.mnet.medstroms.se,1,2496.583333,2496.583333,2496.583333,3423053998216746116257393300710883328,3423053998216746116257393300710883328,3423053998216746116257393300710883328,29959,29959,29959,3913.428571,228316138382720023658496,27394,6380837049.571428,3423053998216746116257393300710883328,44665859347,4279.857143,3653058214123520378535936,29959,3148.714286,13064733199207852146688,22041,5096565.857143,3423053998216746116257393300710883328,35675961,4279.857143,418071462374651268694016,29959,2496.583333,2496.583333,2496.583333,3423053998216746116257393300710883328,3423053998216746116257393300710883328,3423053998216746116257393300710883328,29959,29959,29959,12,12,12,12,12,12,12,12,12,12,12,12,1.714286,16,12,1.714286,16,12,1.714286,16,12,1.714286,16,12,1.714286,32,12,1.714286,32,12,1.714286,32,12,1.714286,32,12,12,12,12,12,12,12,12,12,12,12,12,12,1,7,1,7,1,7,1,7,2496.583333,3423053998216746116257393300710883328,29959,12,12,12,12
11.ts2.mnet.medstroms.se,1,9687.583333,9687.583333,9687.583333,659312415341207194457308797971729238458368,659312415341207194457308797971729238458368,659312415341207194457308797971729238458368,116251,116251,116251,11495.75,2436055366628108616272355339102322688,114957.5,114495,659312415341207117086056342635462057263104,1144950,11625.1,9744221466512434465089421356409290752,116251,6903.727273,16356050988370307970840547859718209536,75941,147721066.454545,659312415341207117086056342635462057263104,1624931731,10568.272727,32712101976740615941681095719436419072,116251,9687.583333,9687.583333,9687.583333,659312415341207194457308797971729238458368,659312415341207194457308797971729238458368,659312415341207194457308797971729238458368,116251,116251,116251,12,12,12,12,12,12,12,12,12,12,12,12,1.2,4,12,1.2,4,12,1.2,4,12,1.2,4,12,1.090909,2,12,1.090909,2,12,1.090909,2,12,1.090909,2,12,12,12,12,12,12,12,12,12,12,12,12,12,1,10,1,11,1,10,1,11,9687.583333,659312415341207194457308797971729238458368,116251,12,12,12,12
110.the-spa.com,1,4483,4483,4483,71400400911,71400400911,71400400911,13449,13449,13449,4483,71400400911,13449,4483,71400400911,13449,4483,71400400911,13449,4483,71400400911,13449,4483,71400400911,13449,4483,71400400911,13449,4483,4483,4483,71400400911,71400400911,71400400911,13449,13449,13449,3,3,3,3,3,3,3,3,3,3,3,3,1,1,3,1,1,3,1,1,3,1,1,3,1,1,3,1,1,3,1,1,3,1,1,3,3,3,3,3,3,3,3,3,3,3,3,3,1,3,1,3,1,3,1,3,4483,71400400911,13449,3,3,3,3
118.32.med.umich.edu,1,3723,3723,3723,94632929133900966524277661543407567737497323569152,94632929133900966524277661543407567737497323569152,94632929133900966524277661543407567737497323569152,55845,55845,55845,4249.833333,13652166861030905493481972743014449152,46748.166667,3225602045.272727,94632929133900924985902793264786539493526689808384,35481622498,5076.818182,163826002332370894255982570134044672000,55845,3723,94632929133900924985902793264786539493526689808384,55845,3723,94632929133900924985902793264786539493526689808384,55845,3723,94632929133900924985902793264786539493526689808384,55845,3723,3723,3723,94632929133900966524277661543407567737497323569152,94632929133900966524277661543407567737497323569152,94632929133900966524277661543407567737497323569152,55845,55845,55845,15,15,15,15,15,15,15,15,15,15,15,15,1.363636,12,15,1.363636,12,15,1.363636,12,15,1.363636,12,15,1,1,15,1,1,15,1,1,15,1,1,15,15,15,15,15,15,15,15,15,15,15,15,15,1,11,1,15,1,11,1,15,3723,94632929133900966524277661543407567737497323569152,55845,15,15,15,15
11client9.ihi.ku.dk,1,11473,11473,11473,11473,11473,11473,11473,11473,11473,11473,11473,11473,11473,11473,11473,11473,11473,11473,11473,11473,11473,11473,11473,11473,11473,11473,11473,11473,11473,11473,11473,11473,11473,11473,11473,11473,1,1,1,1,1,1,1,1,1,1,1,1,1,1,1,1,1,1,1,1,1,1,1,1,1,1,1,1,1,1,1,1,1,1,1,1,1,1,1,1,1,1,1,1,1,1,1,1,1,1,1,1,1,1,1,1,11473,11473,11473,1,1,1,1
12-102eb.itslab.calpoly.edu,1,0,0,0,0,0,0,0,0,0,0,0,0,0,0,0,0,0,0,0,0,0,0,0,0,0,0,0,0,0,0,0,0,0,0,0,0,1,1,1,1,1,1,1,1,1,1,1,1,1,1,1,1,1,1,1,1,1,1,1,1,1,1,1,1,1,1,1,1,1,1,1,1,1,1,1,1,1,1,1,1,1,1,1,1,1,1,1,1,1,1,1,1,0,0,0,1,1,1,1
12-102md.acs.calpoly.edu,1,8917,8917,8917,0,0,0,53502,53502,53502,10501.4,0,52507,199571.2,0,997856,10700.4,0,53502,10543.2,0,52716,133945.2,0,669726,10700.4,0,53502,8917,8917,8917,0,0,0,53502,53502,53502,6,6,6,6,6,6,6,6,6,6,6,6,1.2,2,6,1.2,2,6,1.2,2,6,1.2,2,6,1.2,2,6,1.2,2,6,1.2,2,6,1.2,2,6,6,6,6,6,6,6,6,6,6,6,6,6,1,5,1,5,1,5,1,5,8917,0,53502,6,6,6,6
12-105da.acs.calpoly.edu,1,8845.714286,8845.714286,8845.714286,851316144472914402987737088,851316144472914402987737088,851316144472914402987737088,61920,61920,61920,10034.3,51328767036272640000,50171.5,9722686,851316144472914540426690560,48613430,12384,205315068145090560000,61920,8845.714286,851316144472914402987737088,61920,8845.714286,851316144472914402987737088,61920,8845.714286,851316144472914402987737088,61920,8845.714286,8845.714286,8845.714286,851316144472914402987737088,851316144472914402987737088,851316144472914402987737088,61920,61920,61920,7,7,7,7,7,7,7,7,7,7,7,7,1.4,4,7,1.4,4,7,1.4,4,7,1.4,4,7,1,1,7,1,1,7,1,1,7,1,1,7,7,7,7,7,7,7,7,7,7,7,7,7,1,5,1,7,1,5,1,7,8845.714286,851316144472914402987737088,61920,7,7,7,7
12-105de.acs.calpoly.edu,1,3949.6,3949.6,3949.6,1243747264302840,1243747264302840,1243747264302840,19748,19748,19748,6239.333333,4691299800,18718,45517963.333333,1243747264302840,136553890,6582.666667,14073899400,19748,4809.75,2443511324760,19239,69452.75,1243747264302840,277811,4937,4887022649520,19748,3949.6,3949.6,3949.6,1243747264302840,1243747264302840,1243747264302840,19748,19748,19748,5,5,5,5,5,5,5,5,5,5,5,5,1.666667,3,5,1.666667,3,5,1.666667,3,5,1.666667,3,5,1.25,2,5,1.25,2,5,1.25,2,5,1.25,2,5,5,5,5,5,5,5,5,5,5,5,5,5,1,3,1,4,1,3,1,4,3949.6,1243747264302840,19748,5,5,5,5
12-105he.acs.calpoly.edu,1,9814.75,9814.75,9814.75,3650689536892860,3650689536892860,3650689536892860,39259,39259,39259,11779,935834710888,35337,5110376.666667,3650689536892860,15331130,13086.333333,1871669421776,39259,9814.75,3650689536892860,39259,9814.75,3650689536892860,39259,9814.75,3650689536892860,39259,9814.75,9814.75,9814.75,3650689536892860,3650689536892860,3650689536892860,39259,39259,39259,4,4,4,4,4,4,4,4,4,4,4,4,1.333333,2,4,1.333333,2,4,1.333333,2,4,1.333333,2,4,1,1,4,1,1,4,1,1,4,1,1,4,4,4,4,4,4,4,4,4,4,4,4,4,1,3,1,4,1,3,1,4,9814.75,3650689536892860,39259,4,4,4,4
12-105id.acs.calpoly.edu,1,2681,2681,2681,50786414719488504,50786414719488504,50786414719488504,13405,13405,13405,2599.222222,12566126520.999998,7797.666667,3777038760.666667,50786414719488504,11331116282,4468.333333,37698379563,13405,2681,50786414719488504,13405,2681,50786414719488504,13405,2681,50786414719488504,13405,2681,2681,2681,50786414719488504,50786414719488504,50786414719488504,13405,13405,13405,5,5,5,5,5,5,5,5,5,5,5,5,1.666667,3,5,1.666667,3,5,1.666667,3,5,1.666667,3,5,1,1,5,1,1,5,1,1,5,1,1,5,5,5,5,5,5,5,5,5,5,5,5,5,1,3,1,5,1,3,1,5,2681,50786414719488504,13405,5,5,5,5
12-dynamic-c.rotterdam.luna.net,1,2839.888889,2839.888889,2839.888889,8434152236476625248147472384,8434152236476625248147472384,8434152236476625248147472384,25559,25559,25559,3123.0625,16982526373575523227926528,24984.5,38716,8434152236476624148635844608,309728,3194.875,33965052747151046455853056,25559,2839.888889,8434152236476624148635844608,25559,2839.888889,8434152236476624148635844608,25559,2839.888889,8434152236476624148635844608,25559,2839.888889,2839.888889,2839.888889,8434152236476625248147472384,8434152236476625248147472384,8434152236476625248147472384,25559,25559,25559,9,9,9,9,9,9,9,9,9,9,9,9,1.125,2,9,1.125,2,9,1.125,2,9,1.125,2,9,1,1,9,1,1,9,1,1,9,1,1,9,9,9,9,9,9,9,9,9,9,9,9,9,1,8,1,9,1,8,1,9,2839.888889,8434152236476625248147472384,25559,9,9,9,9
12.ts1.mnet.medstroms.se,1,12353.204545,124141620,24706.409091,211696603766770952960924630681906474256101625412131582543198096199818166665216,7488979054853288827151548633986437063161432191471342638295152905304121080190861312,423393207533541905921849261363812948512203250824263165086396192399636333330432,86046.5,2731115640,172093,7482.304348,7488979054853290512148215330901424229849875130198259740616679314089901149166501888,172093,7482.304348,7488979054853290512148215330901424229849875130198259740616679314089901149166501888,172093,7482.304348,7488979054853290512148215330901424229849875130198259740616679314089901149166501888,172093,7482.304348,7488979054853290512148215330901424229849875130198259740616679314089901149166501888,172093,7482.304348,7488979054853290512148215330901424229849875130198259740616679314089901149166501888,172093,7482.304348,7488979054853290512148215330901424229849875130198259740616679314089901149166501888,172093,7482.304348,7482.304348,7482.304348,7488979054853288827151548633986437063161432191471342638295152905304121080190861312,7488979054853288827151548633986437063161432191471342638295152905304121080190861312,7488979054853288827151548633986437063161432191471342638295152905304121080190861312,172093,172093,172093,11.5,22,23,11.5,22,23,11.5,22,23,11.5,22,23,1,1,23,1,1,23,1,1,23,1,1,23,1,1,23,1,1,23,1,1,23,1,1,23,23,23,23,23,23,23,23,23,23,23,23,23,2,23,1,23,2,23,1,23,7482.304348,7488979054853288827151548633986437063161432191471342638295152905304121080190861312,172093,23,23,23,23
12.ts2.mnet.medstroms.se,1,13719.492308,129593170.969231,27438.984615,184298828407863656519157436094685018186579968,47144560469546939555330580696527458190480290869131489798577843794500816419969564672,368597656815727313038314872189370036373159936,146288.5,16847112226,292577,14533,342264247653438497091663053812877859147775173357460885433374538633773580288,290660,3399998,47144560469546932815343913908867509523726519114223821389291738159357696144067002368,67999960,14628.85,2053585485920630480381839491942806048023497183531452024411811674679880450048,292577,11076,721293412471561222660812491975714061232221763266958987194748078718451712,221520,238623418.2,47144560469546932815343913908867509523726519114223821389291738159357696144067002368,4772468364,14628.85,5770347299772489781286499935805712489857774106135671897557984629747613696,292577,12720.73913,12720.73913,12720.73913,47144560469546919335370580333547612190218975604408484570719526889071455592261877760,47144560469546919335370580333547612190218975604408484570719526889071455592261877760,47144560469546919335370580333547612190218975604408484570719526889071455592261877760,292577,292577,292577,11.5,130,23,11.5,130,23,11.5,130,23,11.5,130,23,1.15,6,23,1.15,6,23,1.15,6,23,1.15,6,23,1.15,8,23,1.15,8,23,1.15,8,23,1.15,8,23,23,23,23,23,23,23,23,23,23,23,23,23,2,20,1,20,2,20,1,20,12720.73913,47144560469546919335370580333547612190218975604408484570719526889071455592261877760,292577,23,23,23,23
120.233.med.umich.edu,1,25640.4,25640.4,25640.4,0,0,0,128202,128202,128202,32050.5,0,128202,32050.5,0,128202,32050.5,0,128202,42734,0,128202,42734,0,128202,42734,0,128202,25640.4,25640.4,25640.4,0,0,0,128202,128202,128202,5,5,5,5,5,5,5,5,5,5,5,5,1.25,2,5,1.25,2,5,1.25,2,5,1.25,2,5,1.666667,3,5,1.666667,3,5,1.666667,3,5,1.666667,3,5,5,5,5,5,5,5,5,5,5,5,5,5,1,4,1,3,1,4,1,3,25640.4,0,128202,5,5,5,5
120.33.med.umich.edu,1,10594.538462,10594.538462,10594.538462,8825510053020703792517812706697984631930290700288,8825510053020703792517812706697984631930290700288,8825510053020703792517812706697984631930290700288,137729,137729,137729,12275,260391571110509030974050580427500945408,122750,10827075.8,8825510053020702494443598072991077499306208395264,108270758,13772.9,2083132568884072247792404643420007563264,137729,10594.538462,8825510053020702494443598072991077499306208395264,137729,10594.538462,8825510053020702494443598072991077499306208395264,137729,10594.538462,8825510053020702494443598072991077499306208395264,137729,10594.538462,10594.538462,10594.538462,8825510053020703792517812706697984631930290700288,8825510053020703792517812706697984631930290700288,8825510053020703792517812706697984631930290700288,137729,137729,137729,13,13,13,13,13,13,13,13,13,13,13,13,1.3,8,13,1.3,8,13,1.3,8,13,1.3,8,13,1,1,13,1,1,13,1,1,13,1,1,13,13,13,13,13,13,13,13,13,13,13,13,13,1,10,1,13,1,10,1,13,10594.538462,8825510053020703792517812706697984631930290700288,137729,13,13,13,13
120b-pc15.arch.pwr.wroc.pl,1,1363.333333,1363.333333,1363.333333,2419256196,2419256196,2419256196,4090,4090,4090,1363.333333,1363.333333,1363.333333,2419256196,2419256196,2419256196,4090,4090,4090,1363.333333,2419256196,4090,1363.333333,2419256196,4090,1363.333333,2419256196,4090,1363.333333,1363.333333,1363.333333,2419256196,2419256196,2419256196,4090,4090,4090,3,3,3,3,3,3,3,3,3,3,3,3,3,3,3,3,3,3,3,3,3,3,3,3,1,1,3,1,1,3,1,1,3,1,1,3,3,3,3,3,3,3,3,3,3,3,3,3,1,1,1,3,1,1,1,3,1363.333333,2419256196,4090,3,3,3,3
120cc-pc-11.cl.msu.edu,1,30826,30826,30826,1215383660150,1215383660150,1215383660150,92478,92478,92478,30826,1215383660150,92478,30826,1215383660150,92478,30826,1215383660150,92478,30826,1215383660150,92478,30826,1215383660150,92478,30826,1215383660150,92478,30826,30826,30826,1215383660150,1215383660150,1215383660150,92478,92478,92478,3,3,3,3,3,3,3,3,3,3,3,3,1,1,3,1,1,3,1,1,3,1,1,3,1,1,3,1,1,3,1,1,3,1,1,3,3,3,3,3,3,3,3,3,3,3,3,3,1,3,1,3,1,3,1,3,30826,1215383660150,92478,3,3,3,3
121.27.inmarsat.org,1,13724.666667,13724.666667,13724.666667,425100614028615978319872,425100614028615978319872,425100614028615978319872,82348,82348,82348,15852.4,142253438100140916736,79262,1859634.2,425100614028615978319872,9298171,16469.6,284506876200281833472,82348,13724.666667,425100614028615978319872,82348,13724.666667,425100614028615978319872,82348,13724.666667,425100614028615978319872,82348,13724.666667,13724.666667,13724.666667,425100614028615978319872,425100614028615978319872,425100614028615978319872,82348,82348,82348,6,6,6,6,6,6,6,6,6,6,6,6,1.2,2,6,1.2,2,6,1.2,2,6,1.2,2,6,1,1,6,1,1,6,1,1,6,1,1,6,6,6,6,6,6,6,6,6,6,6,6,6,1,5,1,6,1,5,1,6,13724.666667,425100614028615978319872,82348,6,6,6,6
122.72.inmarsat.org,1,3609.166667,3609.166667,3609.166667,169311496377879953408,169311496377879953408,169311496377879953408,21655,21655,21655,4216.1,340915941753033600,21080.5,61164.8,169311496377879953408,305824,4331,681831883506067200,21655,3609.166667,169311496377879953408,21655,3609.166667,169311496377879953408,21655,3609.166667,169311496377879953408,21655,3609.166667,3609.166667,3609.166667,169311496377879953408,169311496377879953408,169311496377879953408,21655,21655,21655,6,6,6,6,6,6,6,6,6,6,6,6,1.2,2,6,1.2,2,6,1.2,2,6,1.2,2,6,1,1,6,1,1,6,1,1,6,1,1,6,6,6,6,6,6,6,6,6,6,6,6,6,1,5,1,6,1,5,1,6,3609.166667,169311496377879953408,21655,6,6,6,6
122.83.inmarsat.org,1,0,0,0,0,0,0,0,0,0,0,0,0,0,0,0,0,0,0,0,0,0,0,0,0,0,0,0,0,0,0,0,0,0,0,0,0,1,1,1,1,1,1,1,1,1,1,1,1,1,1,1,1,1,1,1,1,1,1,1,1,1,1,1,1,1,1,1,1,1,1,1,1,1,1,1,1,1,1,1,1,1,1,1,1,1,1,1,1,1,1,1,1,0,0,0,1,1,1,1
