name,F0,F1,F2,F3,F4,F5,F6,F7,F8,F9,F10,F11,F12,F13,F14,F15,F16,F17
198.40.16.108.artic.edu,11,11,11,11,11,11,198,198,198,198,198,198,3635,3635,3635,3635,3635,3635
206dos104.flint.umich.edu,9,9,9,9,81,18,187,187,187,187,34969,374,1204,1204,602,1204,0,1204
206dos109.flint.umich.edu,8,8,8,8,8,8,198,198,198,198,198,198,6588,6588,6588,6588,6588,6588
66.28.med.umich.edu,14,14,14,14,14,14,240,240,240,240,240,240,8677,8677,8677,8677,8677,8677
76.52.med.umich.edu,13,13,13,13,13,13,198,198,198,198,198,198,4821,4821,4821,4821,4821,4821
95.120.med.umich.edu,12,12,12,12,12,12,184,184,184,184,184,184,786,786,786,786,786,786
a4216letnum.hip.berkeley.edu,0,0,0,0,0,0,192,192,192,192,192,192,1851,1851,1851,1851,1851,1851
acc-centris-9.tamu.edu,8,9,8.5,9,72,17,194,220,207,220,42680,414,1204,2676,1940,2676,3221904,3880
acc.wuacc.edu,10,10,10,10,100,20,230,230,230,230,52900,460,1871,3047,2459,3047,5700937,4918
acns.fsu.edu,3,3,3,3,3,3,185,185,185,185,185,185,0,0,0,0,0,0
acsmac4.acn.purdue.edu,12,12,12,12,12,12,205,205,205,205,205,205,786,786,786,786,786,786
ad107.ag.ohio-state.edu,11,11,11,11,11,11,195,195,195,195,195,195,3260,3260,3260,3260,3260,3260
adrenal.engin.umich.edu,13,13,13,13,13,13,183,183,183,183,183,183,786,786,786,786,786,786
aepc17.ae.eng.auburn.edu,13,13,13,13,169,26,234,234,234,234,54756,468,11996,12859,12427.5,12859,154256564,24855
aeromw.me.gatech.edu,9,9,9,9,9,9,194,194,194,194,194,194,3464,3464,3464,3464,3464,3464
aesmac36.aes.purdue.edu,12,12,12,12,12,12,203,203,203,203,203,203,1713,1713,1713,1713,1713,1713
alamo-lbeavers.nmsu.edu,16,16,16,16,16,16,193,193,193,193,193,193,17857,17857,17857,17857,17857,17857
alpha1.csd.uwm.edu,8,8,8,8,8,8,198,198,198,198,198,198,4247,4247,4247,4247,4247,4247
alpha2.csd.uwm.edu,21,21,21,21,21,21,202,202,202,202,202,202,3635,3635,3635,3635,3635,3635
aluminum.helios.nd.edu,11,11,11,11,11,11,207,207,207,207,207,207,9925,9925,9925,9925,9925,9925
andrew_lowry.electronics.indiana.edu,8,8,8,8,8,8,200,200,200,200,200,200,11853,11853,11853,11853,11853,11853
annex-v32bis-50.slip.andrew.cmu.edu,11,11,11,11,121,22,186,186,186,186,34596,372,1713,2537,2125,2537,4345881,4250
annex6-36.dial.umd.edu,16,16,16,16,16,16,241,241,241,241,241,241,5866,5866,5866,5866,5866,5866
annexp2.uccs.edu,6,6,6,6,6,6,227,227,227,227,227,227,786,786,786,786,786,786
apollo.sfsu.edu,13,13,13,13,13,13,234,234,234,234,234,234,12054,12054,12054,12054,12054,12054
aray.dialup.emory.edu,11,11,11,11,11,11,232,232,232,232,232,232,669,669,669,669,669,669
arc.dental.upenn.edu,11,11,11,11,11,11,198,198,198,198,198,198,46573,46573,46573,46573,46573,46573
ariel.earth.nwu.edu,5,5,5,5,5,5,191,191,191,191,191,191,3635,3635,3635,3635,3635,3635
as2511-3.sl002.cns.vt.edu,14,14,14,14,14,14,185,185,185,185,185,185,71656,71656,71656,71656,71656,71656
asm4-2.sl032.cns.vt.edu,19,19,19,19,19,19,238,238,238,238,238,238,1713,1713,1713,1713,1713,1713
asm4-3.sl116.cns.vt.edu,20,20,20,20,20,20,234,234,234,234,234,234,308,308,308,308,308,308
asst-mgr.uchicago.edu,6,6,6,6,6,6,240,240,240,240,240,240,1713,1713,1713,1713,1713,1713
atgw-cny-3000d2-1-c29.mgh.harvard.edu,9,9,9,9,9,9,192,192,192,192,192,192,13664,13664,13664,13664,13664,13664
atp.princeton.edu,8,8,8,8,8,8,197,197,197,197,197,197,7071,7071,7071,7071,7071,7071
augustus.ns.itd.umich.edu,20,20,20,20,20,20,236,236,236,236,236,236,55666,55666,55666,55666,55666,55666
awing.mayo.edu,12,12,12,12,12,12,192,192,192,192,192,192,530,530,530,530,530,530
b125.bernhard.wmich.edu,18,18,18,18,18,18,200,200,200,200,200,200,515,515,515,515,515,515
b2308.nas.edu,6,6,6,6,6,6,243,243,243,243,243,243,3635,3635,3635,3635,3635,3635
b77.ucs.usl.edu,12,12,12,12,12,12,182,182,182,182,182,182,5026,5026,5026,5026,5026,5026
bairdsun1.gatech.edu,11,11,11,11,11,11,183,183,183,183,183,183,6723,6723,6723,6723,6723,6723
banana.ucs.indiana.edu,10,10,10,10,10,10,188,188,188,188,188,188,5866,5866,5866,5866,5866,5866
barbara.cfr.washington.edu,13,13,13,13,13,13,188,188,188,188,188,188,1713,1713,1713,1713,1713,1713
baritone.cellbio.duke.edu,5,5,5,5,5,5,207,207,207,207,207,207,786,786,786,786,786,786
barracuda5.me.mtu.edu,7,7,7,7,7,7,220,220,220,220,220,220,1602,1602,1602,1602,1602,1602
bbcc-111.tamu.edu,7,7,7,7,7,7,195,195,195,195,195,195,835394,835394,835394,835394,835394,835394
bcd80.csbs.albany.edu,12,12,12,12,12,12,198,198,198,198,198,198,7071,7071,7071,7071,7071,7071
beach.cse.ogi.edu,17,17,17,17,17,17,244,244,244,244,244,244,12283,12283,12283,12283,12283,12283
beerglassempty.carnegie.gatech.edu,11,11,11,11,11,11,198,198,198,198,198,198,1713,1713,1713,1713,1713,1713
benjamin-63.umd.edu,11,11,11,11,11,11,229,229,229,229,229,229,4673,4673,4673,4673,4673,4673
benz.mech.utah.edu,6,6,6,6,6,6,226,226,226,226,226,226,65536,65536,65536,65536,65536,65536
bergen.acns.nwu.edu,10,10,10,10,10,10,182,182,182,182,182,182,11175,11175,11175,11175,11175,11175
berlin.helios.nd.edu,17,17,17,17,17,17,205,205,205,205,205,205,509,509,509,509,509,509
bit.omsi.edu,14,14,14,14,14,14,234,234,234,234,234,234,0,0,0,0,0,0
blair58.blair.lafayette.edu,21,21,21,21,21,21,237,237,237,237,237,237,8083,8083,8083,8083,8083,8083
blazemonger.pc.cc.cmu.edu,0,0,0,0,0,0,184,184,184,184,184,184,1502,1502,1502,1502,1502,1502
blazer.seas.ucla.edu,16,16,16,16,16,16,200,200,200,200,200,200,46573,46573,46573,46573,46573,46573
blooper.ucsb.edu,22,22,22,22,22,22,217,217,217,217,217,217,1204,1204,1204,1204,1204,1204
bobafett.wustl.edu,6,6,6,6,6,6,223,223,223,223,223,223,4665,4665,4665,4665,4665,4665
bogart.colorado.edu,13,13,13,13,13,13,229,229,229,229,229,229,5866,5866,5866,5866,5866,5866
bond007.dis.ist.ucf.edu,11,11,10.5,11,110,21,193,194,193.5,194,37442,387,0,13994,6997,13994,0,13994
bones.et.byu.edu,19,19,19,19,19,19,195,195,195,195,195,195,717587,717587,717587,717587,717587,717587
bootp-210-106.bootp.virginia.edu,20,20,20,20,20,20,243,243,243,243,243,243,1876,1876,1876,1876,1876,1876
bowecho.met.psu.edu,8,8,8,8,8,8,222,222,222,222,222,222,0,0,0,0,0,0
bpeterson.med.utah.edu,11,11,11,11,11,11,186,186,186,186,186,186,40310,40310,40310,40310,40310,40310
brahms.music.ua.edu,20,20,20,20,20,20,217,217,217,217,217,217,0,0,0,0,0,0
brando.brook.edu,11,11,11,11,11,11,230,230,230,230,230,230,1157,1157,1157,1157,1157,1157
bronte.helios.nd.edu,14,14,14,14,14,14,198,198,198,198,198,198,2435,2435,2435,2435,2435,2435
bstango.remote.princeton.edu,13,13,13,13,13,13,232,232,232,232,232,232,3808,3808,3808,3808,3808,3808
btp-sc-114-009.dsu.edu,7,7,7,7,7,7,199,199,199,199,199,199,1932,1932,1932,1932,1932,1932
btp-sc-114-015.dsu.edu,11,11,11,11,11,11,236,236,236,236,236,236,669,669,669,669,669,669
buslb-wfw-b.cudenver.edu,15,15,15,15,15,15,201,201,201,201,201,201,3635,3635,3635,3635,3635,3635
bussey.physics.fsu.edu,10,10,10,10,10,10,216,216,216,216,216,216,3714,3714,3714,3714,3714,3714
c30.ucs.usl.edu,11,11,11,11,11,11,184,184,184,184,184,184,786,786,786,786,786,786
c3po.stsci.edu,12,12,12,12,12,12,227,227,227,227,227,227,363,363,363,363,363,363
caddis.unh.edu,7,7,7,7,7,7,228,228,228,228,228,228,0,0,0,0,0,0
cagesun.nmsu.edu,11,11,11,11,11,11,222,222,222,222,222,222,3047,3047,3047,3047,3047,3047
calvin.wsc.mass.edu,12,12,12,12,12,12,193,193,193,193,193,193,0,0,0,0,0,0
cat1.cs.mdcc.edu,5,5,5,5,5,5,194,194,194,194,194,194,32768,32768,32768,32768,32768,32768
cbarnes.fullerton.edu,20,20,20,20,20,20,241,241,241,241,241,241,71655,71655,71655,71655,71655,71655
ceci-mac1.mit.edu,16,16,16,16,16,16,231,231,231,231,231,231,9630,9630,9630,9630,9630,9630
cegt408.bradley.edu,13,13,13,13,13,13,223,223,223,223,223,223,1204,1204,1204,1204,1204,1204
cfd10.eng.buffalo.edu,16,16,16,16,16,16,191,191,191,191,191,191,363,363,363,363,363,363
chaplin.bsn.usf.edu,16,16,16,16,16,16,193,193,193,193,193,193,3788,3788,3788,3788,3788,3788
charley.slip.db.erau.edu,15,15,15,15,15,15,185,185,185,185,185,185,45632,45632,45632,45632,45632,45632
charm.physics.uni.edu,9,9,9,9,9,9,193,193,193,193,193,193,34688,34688,34688,34688,34688,34688
chem-pkelter.unl.edu,11,11,11,11,11,11,226,226,226,226,226,226,509,509,509,509,509,509
chemmac8.colorado.edu,12,12,12,12,12,12,238,238,238,238,238,238,1932,1932,1932,1932,1932,1932
cherry.labs.upj.pitt.edu,10,10,10,10,10,10,198,198,198,198,198,198,8678,8678,8678,8678,8678,8678
chick.med.upenn.edu,16,16,16,16,16,16,191,191,191,191,191,191,1932,1932,1932,1932,1932,1932
chip.ucdavis.edu,8,8,8,8,8,8,222,222,222,222,222,222,4673,4673,4673,4673,4673,4673
cis1036_15.cis.usf.edu,16,16,16,16,16,16,186,186,186,186,186,186,7074,7074,7074,7074,7074,7074
cis2028_24.cis.usf.edu,9,9,9,9,9,9,187,187,187,187,187,187,363,363,363,363,363,363
cisco-slip48.acc.virginia.edu,16,16,16,16,16,16,237,237,237,237,237,237,234,234,234,234,234,234
click.geo.arizona.edu,16,16,16,16,16,16,186,186,186,186,186,186,45966,45966,45966,45966,45966,45966
clueless.stetson.edu,8,8,8,8,8,8,222,222,222,222,222,222,8677,8677,8677,8677,8677,8677
cmc_05.frc.mass.edu,6,6,6,6,36,12,230,230,230,230,52900,460,669,36902,18785.5,36902,24687438,37571
cochise.cs.berkeley.edu,18,18,18,18,18,18,200,200,200,200,200,200,4179,4179,4179,4179,4179,4179
colt-15.slip.uiuc.edu,21,21,21,21,21,21,185,185,185,185,185,185,1157,1157,1157,1157,1157,1157
columbia.ksu.ksu.edu,9,9,9,9,9,9,239,239,239,239,239,239,363,363,363,363,363,363
comserv-f-60.usc.edu,16,16,16,16,16,16,202,202,202,202,202,202,3260,3260,3260,3260,3260,3260
cow_1.dml.georgetown.edu,6,6,6,6,6,6,208,208,208,208,208,208,20227,20227,20227,20227,20227,20227
cs125-16.u.washington.edu,9,9,9,9,9,9,183,183,183,183,183,183,57344,57344,57344,57344,57344,57344
cs128-1.u.washington.edu,19,19,19,19,19,19,204,204,204,204,204,204,1007,1007,1007,1007,1007,1007
cs128-12.u.washington.edu,13,13,13,13,13,13,201,201,201,201,201,201,5866,5866,5866,5866,5866,5866
cs128-13.u.washington.edu,15,15,15,15,15,15,197,197,197,197,197,197,234,234,234,234,234,234
cs500-9.sl011.cns.vt.edu,19,19,19,19,19,19,239,239,239,239,239,239,1712,1712,1712,1712,1712,1712
csdstudent3.ufac.buffalo.edu,12,12,12,12,12,12,215,215,215,215,215,215,1204,1204,1204,1204,1204,1204
cse_211_d11.circa.ufl.edu,20,20,20,20,20,20,194,194,194,194,194,194,3381,3381,3381,3381,3381,3381
cse_211_i15.circa.ufl.edu,19,19,19,19,19,19,220,220,220,220,220,220,1733,1733,1733,1733,1733,1733
cse_211_op1.circa.ufl.edu,10,10,10,10,10,10,193,193,193,193,193,193,0,0,0,0,0,0
cserve3.dsu.nodak.edu,13,13,13,13,13,13,193,193,193,193,193,193,786,786,786,786,786,786
cts77.cts.db.erau.edu,8,8,8,8,8,8,205,205,205,205,205,205,669,669,669,669,669,669
cu-dialup-0727.cit.cornell.edu,7,7,7,7,7,7,203,203,203,203,203,203,0,0,0,0,0,0
currypc.fpl.msstate.edu,15,15,15,15,15,15,202,202,202,202,202,202,3714,3714,3714,3714,3714,3714
cvlb19.harvard.edu,13,13,13,13,13,13,228,228,228,228,228,228,1713,1713,1713,1713,1713,1713
daffodil.cs.odu.edu,18,18,18,18,18,18,217,217,217,217,217,217,5866,5866,5866,5866,5866,5866
dasher.csd.sc.edu,20,20,20,20,20,20,217,217,217,217,217,217,17688,17688,17688,17688,17688,17688
dedwud.zoo.duke.edu,11,11,11,11,11,11,191,191,191,191,191,191,9630,9630,9630,9630,9630,9630
defiant.eng.wayne.edu,20,20,20,20,20,20,209,209,209,209,209,209,4347,4347,4347,4347,4347,4347
deneb.ucdavis.edu,14,15,14.5,15,210,29,191,191,191,191,36481,382,3635,13539,8587,13539,49214265,17174
dennis.cs.clemson.edu,12,12,12,12,12,12,220,220,220,220,220,220,363,363,363,363,363,363
derm.vet.purdue.edu,14,14,14,14,14,14,223,223,223,223,223,223,669,669,669,669,669,669
detloff1.bmg.uab.edu,20,20,20,20,20,20,240,240,240,240,240,240,509,509,509,509,509,509
dfepe2.uwyo.edu,18,18,18,18,18,18,197,197,197,197,197,197,13389,13389,13389,13389,13389,13389
dial020.vanderbilt.edu,16,16,16,16,16,16,206,206,206,206,206,206,363,363,363,363,363,363
dial04.npcts.edu,17,17,17,17,17,17,196,196,196,196,196,196,18149,18149,18149,18149,18149,18149
dial08.npcts.edu,12,12,12,12,12,12,242,242,242,242,242,242,3635,3635,3635,3635,3635,3635
dial103.cc.lehigh.edu,20,20,20,20,20,20,223,223,223,223,223,223,13116,13116,13116,13116,13116,13116
dialin33641.slip.nts.uci.edu,19,19,19,19,19,19,235,235,235,235,235,235,1284,1284,1284,1284,1284,1284
dialup-1-64.gw.umn.edu,21,21,21,21,21,21,230,230,230,230,230,230,4204,4204,4204,4204,4204,4204
dialup-10-c-42.gw.umn.edu,16,16,16,16,16,16,220,220,220,220,220,220,1713,1713,1713,1713,1713,1713
dialup-11-c-164.gw.umn.edu,22,22,22,22,22,22,229,229,229,229,229,229,7008,7008,7008,7008,7008,7008
dialup-2-116.gw.umn.edu,11,11,11,11,11,11,184,184,184,184,184,184,61490,61490,61490,61490,61490,61490
dialup-2-144.gw.umn.edu,11,11,11,11,11,11,238,238,238,238,238,238,12054,12054,12054,12054,12054,12054
dialup-3-169.gw.umn.edu,20,20,20,20,20,20,196,196,196,196,196,196,363,363,363,363,363,363
dialup-3-177.gw.umn.edu,13,13,13,13,13,13,217,217,217,217,217,217,7008,7008,7008,7008,7008,7008
dialup-4-29.gw.umn.edu,13,13,13,13,13,13,198,198,198,198,198,198,1204,1204,1204,1204,1204,1204
dialup-5-97.gw.umn.edu,11,11,11,11,11,11,187,187,187,187,187,187,235862,235862,235862,235862,235862,235862
digdis-pc14.med.unc.edu,10,10,10,10,10,10,197,197,197,197,197,197,53049,53049,53049,53049,53049,53049
dip-59.right.mac-lab.lovejoy.colby.edu,12,12,12,12,12,12,187,187,187,187,187,187,3214,3214,3214,3214,3214,3214
dirac.scs.uiuc.edu,9,9,9,9,9,9,228,228,228,228,228,228,18149,18149,18149,18149,18149,18149
doc.uhcc.hawaii.edu,15,15,15,15,15,15,195,195,195,195,195,195,0,0,0,0,0,0
dog.cs.uiowa.edu,12,12,12,12,12,12,195,195,195,195,195,195,515,515,515,515,515,515
doit14.cac.washington.edu,11,11,11,11,11,11,228,228,228,228,228,228,2443,2443,2443,2443,2443,2443
donna.mps.ohio-state.edu,5,5,5,5,5,5,207,207,207,207,207,207,1204,1204,1204,1204,1204,1204
dos23.royall.umkc.edu,13,13,13,13,13,13,184,184,184,184,184,184,2482,2482,2482,2482,2482,2482
dow-mac186.engin.umich.edu,6,6,6,6,6,6,187,187,187,187,187,187,1055,1055,1055,1055,1055,1055
eagle.ecn.uoknor.edu,20,20,20,20,20,20,236,236,236,236,236,236,3938,3938,3938,3938,3938,3938
ebdc06.med.upenn.edu,6,6,6,6,6,6,243,243,243,243,243,243,1173,1173,1173,1173,1173,1173
eclair.unh.edu,9,9,9,9,9,9,208,208,208,208,208,208,46573,46573,46573,46573,46573,46573
ectpc32.ceat.okstate.edu,7,7,7,7,7,7,221,221,221,221,221,221,4209,4209,4209,4209,4209,4209
ed-frank.umf.maine.edu,12,12,12,12,12,12,186,186,186,186,186,186,786,786,786,786,786,786
ed247.ulib.albany.edu,9,9,9,9,9,9,209,209,209,209,209,209,8677,8677,8677,8677,8677,8677
ed57.ed.hawaii.edu,16,16,16,16,16,16,195,195,195,195,195,195,4821,4821,4821,4821,4821,4821
ed61.ed.hawaii.edu,11,11,11,11,11,11,187,187,187,187,187,187,17459,17459,17459,17459,17459,17459
edm05.itc.uiowa.edu,16,16,16,16,16,16,184,184,184,184,184,184,786,786,786,786,786,786
educ103.coe.uh.edu,6,6,6,6,6,6,193,193,193,193,193,193,5026,5026,5026,5026,5026,5026
ee-rmaher.unl.edu,6,6,6,6,6,6,194,194,194,194,194,194,35540,35540,35540,35540,35540,35540
eecps2-29.eec.bus.umich.edu,10,10,10,10,10,10,220,220,220,220,220,220,1932,1932,1932,1932,1932,1932
eescott-jr.mda.uth.tmc.edu,5,5,5,5,5,5,194,194,194,194,194,194,3635,3635,3635,3635,3635,3635
ehdup-k-11.rmt.net.pitt.edu,13,13,13,13,13,13,200,200,200,200,200,200,5998,5998,5998,5998,5998,5998
ehodge.rehab.lsumc.edu,8,8,8,8,8,8,188,188,188,188,188,188,12859,12859,12859,12859,12859,12859
el2.tamu.edu,8,8,8,8,64,16,193,193,193,193,37249,386,0,0,0,0,0,0
elaine45.stanford.edu,15,15,15,15,15,15,184,184,184,184,184,184,7074,7074,7074,7074,7074,7074
electron2.gatech.edu,11,11,11,11,11,11,219,219,219,219,219,219,49705,49705,49705,49705,49705,49705
elroy.uh.edu,16,16,16,16,16,16,195,195,195,195,195,195,3260,3260,3260,3260,3260,3260
engl080.la.psu.edu,16,16,16,16,16,16,182,182,182,182,182,182,1204,1204,1204,1204,1204,1204
engr-b-106.umd.edu,20,20,20,20,20,20,235,235,235,235,235,235,46053,46053,46053,46053,46053,46053
engrss2.unl.edu,19,19,19,19,19,19,187,187,187,187,187,187,1204,1204,1204,1204,1204,1204
enid.eng.ohio-state.edu,22,22,22,22,22,22,208,208,208,208,208,208,52516,52516,52516,52516,52516,52516
enws179.eas.asu.edu,12,12,12,12,12,12,229,229,229,229,229,229,7131,7131,7131,7131,7131,7131
equinox.ccs.unr.edu,19,19,19,19,19,19,241,241,241,241,241,241,7089,7089,7089,7089,7089,7089
er5.rutgers.edu,17,17,17,17,17,17,232,232,232,232,232,232,8657,8657,8657,8657,8657,8657
erdpc-1.umtri.umich.edu,14,14,14,14,14,14,182,182,182,182,182,182,234,234,234,234,234,234
ernie.med.virginia.edu,11,11,11,11,11,11,184,184,184,184,184,184,45966,45966,45966,45966,45966,45966
et1026-pc07.oitlc.iupui.edu,17,17,17,17,17,17,191,191,191,191,191,191,1583,1583,1583,1583,1583,1583
ete03-f.icase.edu,7,7,7,7,7,7,219,219,219,219,219,219,18528,18528,18528,18528,18528,18528
euphrates.physics.iastate.edu,8,8,8,8,8,8,229,229,229,229,229,229,7131,7131,7131,7131,7131,7131
eureka.phys.columbia.edu,15,15,15,15,15,15,193,193,193,193,193,193,3635,3635,3635,3635,3635,3635
eva1mac12.berkeley.edu,13,14,13.5,14,182,27,241,241,241,241,58081,482,0,0,0,0,0,0
eve.cs.uwec.edu,9,9,9,9,9,9,207,207,207,207,207,207,363,363,363,363,363,363
f181-052.net.wisc.edu,19,19,19,19,19,19,223,223,223,223,223,223,669,669,669,669,669,669
f181-057.net.wisc.edu,13,13,13,13,13,13,184,184,184,184,184,184,1204,1204,1204,1204,1204,1204
fac12.admin.gatech.edu,7,7,7,7,7,7,230,230,230,230,230,230,1871,1871,1871,1871,1871,1871
fao-gradasst1.sfr.buffalo.edu,13,13,13,13,13,13,226,226,226,226,226,226,5866,5866,5866,5866,5866,5866
farlink.ll.mit.edu,12,23,17.5,23,276,35,188,192,190,192,36096,380,3998,3998,2601,3998,4813592,5202
findlay-ibmpc19.cac-labs.psu.edu,17,17,17,17,17,17,240,240,240,240,240,240,0,0,0,0,0,0
finrmf.gsu.edu,11,11,11,11,11,11,228,228,228,228,228,228,1932,1932,1932,1932,1932,1932
firnvx.firn.edu,9,13,11,13,117,22,198,199,198.5,199,39402,397,8529,8529,7800,8529,60308559,15600
fiscal-7.tamu.edu,11,11,11,11,11,11,191,191,191,191,191,191,139264,139264,139264,139264,139264,139264
fisher.hs.washington.edu,8,8,8,8,8,8,243,243,243,243,243,243,15357,15357,15357,15357,15357,15357
fnts3-5.firn.edu,16,16,16,16,16,16,184,184,184,184,184,184,7074,7074,7074,7074,7074,7074
foshaj.isdd.indiana.edu,8,8,8,8,64,16,233,233,233,233,54289,466,1204,1204,602,1204,0,1204
franklin.ee.twsu.edu,14,14,14,14,14,14,202,202,202,202,202,202,4179,4179,4179,4179,4179,4179
freedom.nmsu.edu,5,5,5,5,5,5,206,206,206,206,206,206,786,786,786,786,786,786
freenet.buffalo.edu,20,20,20,20,20,20,221,221,221,221,221,221,84905,84905,84905,84905,84905,84905
freenet.vcu.edu,10,10,10,10,10,10,195,195,195,195,195,195,3787,3787,3787,3787,3787,3787
fts3p21-bfs.scri.fsu.edu,16,16,16,16,16,16,195,195,195,195,195,195,13116,13116,13116,13116,13116,13116
fts3p29-bfs.scri.fsu.edu,13,13,13,13,13,13,200,200,200,200,200,200,16966,16966,16966,16966,16966,16966
fts3p5-bfs.scri.fsu.edu,12,12,12,12,12,12,232,232,232,232,232,232,1173,1173,1173,1173,1173,1173
fts4p25-bfs.scri.fsu.edu,19,19,19,19,19,19,229,229,229,229,229,229,7131,7131,7131,7131,7131,7131
galahad.bio.cornell.edu,8,8,8,8,8,8,206,206,206,206,206,206,28219,28219,28219,28219,28219,28219
galileo.asel.udel.edu,13,13,13,13,13,13,198,198,198,198,198,198,6849,6849,6849,6849,6849,6849
garnet.uchicago.edu,20,20,20,20,20,20,198,198,198,198,198,198,3635,3635,3635,3635,3635,3635
gas.physics.usu.edu,0,0,0,0,0,0,189,189,189,189,189,189,49555,49555,49555,49555,49555,49555
gateway2.eng.ohio-state.edu,9,9,9,9,9,9,243,243,243,243,243,243,1602,1602,1602,1602,1602,1602
gator20.acs.nmu.edu,11,11,11,11,11,11,195,195,195,195,195,195,509,509,509,509,509,509
generic.augustana.edu,7,12,9.5,12,84,19,226,227,226.5,227,51302,453,1713,1713,1191,1713,1145997,2382
germany.pop.psu.edu,15,15,15,15,15,15,243,243,243,243,243,243,97042,97042,97042,97042,97042,97042
glenn18.law.pitt.edu,13,13,13,13,13,13,194,194,194,194,194,194,1284,1284,1284,1284,1284,1284
glhpx13.cen.uiuc.edu,12,12,12,12,12,12,190,190,190,190,190,190,40310,40310,40310,40310,40310,40310
glim.stanford.edu,23,23,23,23,23,23,213,213,213,213,213,213,527,527,527,527,527,527
goldwein3.xrt.upenn.edu,16,16,16,16,16,16,183,183,183,183,183,183,786,786,786,786,786,786
granada.engin.umich.edu,11,11,11,11,121,22,223,223,223,223,49729,446,0,13116,6558,13116,0,13116
halley.la.asu.edu,13,13,13,13,13,13,186,186,186,186,186,186,1204,1204,1204,1204,1204,1204
hawk.ncsa.uiuc.edu,7,7,7,7,49,14,189,223,206,223,42147,412,18149,18149,10892,18149,65971615,21784
helpdesk6.mc.duke.edu,13,13,13,13,13,13,204,204,204,204,204,204,11175,11175,11175,11175,11175,11175
helpline14.micro.umn.edu,10,10,10,10,10,10,200,200,200,200,200,200,18114,18114,18114,18114,18114,18114
hem8.hematology.sunysb.edu,14,14,14,14,14,14,195,195,195,195,195,195,1713,1713,1713,1713,1713,1713
hera.harvard.edu,12,12,12,12,12,12,202,202,202,202,202,202,5866,5866,5866,5866,5866,5866
hercules.mc.utk.edu,12,12,12,12,12,12,219,219,219,219,219,219,34657,34657,34657,34657,34657,34657
hobbes.jhuapl.edu,6,6,6,6,6,6,228,228,228,228,228,228,16966,16966,16966,16966,16966,16966
homer22.u.washington.edu,18,18,18,18,18,18,217,217,217,217,217,217,8677,8677,8677,8677,8677,8677
hoohoo.cac.washington.edu,0,0,0,0,0,0,207,207,207,207,207,207,4722,4722,4722,4722,4722,4722
hopsden.lib.csufresno.edu,17,17,17,17,17,17,201,201,201,201,201,201,127045,127045,127045,127045,127045,127045
hubcap.clemson.edu,18,18,18,18,18,18,240,240,240,240,240,240,12054,12054,12054,12054,12054,12054
humcc18.fas.harvard.edu,21,21,21,21,21,21,192,192,192,192,192,192,752,752,752,752,752,752
hyperweb.mit.edu,12,12,12,12,12,12,218,218,218,218,218,218,18556,18556,18556,18556,18556,18556
ickx.magnet.fsu.edu,6,6,6,6,6,6,188,188,188,188,188,188,13436,13436,13436,13436,13436,13436
ih-pc03.cso.uiuc.edu,20,20,20,20,20,20,239,239,239,239,239,239,786,786,786,786,786,786
info.umd.edu,6,6,6,6,6,6,205,205,205,205,205,205,8678,8678,8678,8678,8678,8678
ip109-36.gse.ucla.edu,16,16,16,16,16,16,193,193,193,193,193,193,1173,1173,1173,1173,1173,1173
ip137-155.gsu.bgu.edu,15,15,15,15,15,15,219,219,219,219,219,219,1124,1124,1124,1124,1124,1124
ip211-196.wiu.bgu.edu,6,6,6,6,6,6,194,194,194,194,194,194,786,786,786,786,786,786
ir202bb.ir.miami.edu,11,11,11,11,11,11,216,216,216,216,216,216,786,786,786,786,786,786
isengard.arlut.utexas.edu,10,10,10,10,10,10,192,192,192,192,192,192,1712,1712,1712,1712,1712,1712
isnet.is.wfu.edu,18,18,18,18,18,18,186,186,186,186,186,186,4209,4209,4209,4209,4209,4209
isr-m28-33.urh.uiuc.edu,20,20,20,20,20,20,243,243,243,243,243,243,1204,1204,1204,1204,1204,1204
isr-m28-34.urh.uiuc.edu,8,8,8,8,8,8,243,243,243,243,243,243,669,669,669,669,669,669
ives.colorado.edu,17,17,17,17,17,17,221,221,221,221,221,221,0,0,0,0,0,0
jade.uchicago.edu,18,18,18,18,18,18,201,201,201,201,201,201,8678,8678,8678,8678,8678,8678
jasper.crseo.ucsb.edu,17,17,17,17,17,17,229,229,229,229,229,229,509,509,509,509,509,509
jat.div-cc.firn.edu,9,9,9,9,9,9,202,202,202,202,202,202,7008,7008,7008,7008,7008,7008
jejimene.campus.vt.edu,14,14,14,14,14,14,242,242,242,242,242,242,13372,13372,13372,13372,13372,13372
jelly.cs.tamu.edu,10,10,10,10,10,10,194,194,194,194,194,194,16102,16102,16102,16102,16102,16102
jigsaw.mame.syr.edu,9,9,9,9,9,9,234,234,234,234,234,234,234,234,234,234,234,234
k9.chem.yale.edu,15,15,15,15,15,15,228,228,228,228,228,228,7131,7131,7131,7131,7131,7131
karen-anderson.tamu.edu,12,12,12,12,12,12,216,216,216,216,216,216,11264,11264,11264,11264,11264,11264
kathy.cc.sunysb.edu,9,9,9,9,9,9,193,193,193,193,193,193,3584,3584,3584,3584,3584,3584
kay-abernathy.tenet.edu,16,16,16,16,16,16,184,184,184,184,184,184,4535,4535,4535,4535,4535,4535
kepler.ifa.hawaii.edu,5,5,5,5,5,5,243,243,243,243,243,243,0,0,0,0,0,0
kermit.sce.ojgse.edu,11,11,11,11,11,11,241,241,241,241,241,241,13380,13380,13380,13380,13380,13380
kh541-pm30.unomaha.edu,7,7,7,7,7,7,208,208,208,208,208,208,2261,2261,2261,2261,2261,2261
kilobyte.omsi.edu,12,12,12,12,12,12,208,208,208,208,208,208,71319,71319,71319,71319,71319,71319
kip-1-sn-137.dartmouth.edu,8,8,8,8,8,8,202,202,202,202,202,202,527,527,527,527,527,527
kip-2-sn-391.dartmouth.edu,7,7,7,7,7,7,238,238,238,238,238,238,9630,9630,9630,9630,9630,9630
koniecznylab.bio.purdue.edu,17,17,17,17,17,17,191,191,191,191,191,191,1204,1204,1204,1204,1204,1204
kronos.haystack.edu,15,15,15,15,15,15,202,202,202,202,202,202,4142,4142,4142,4142,4142,4142
kusudama.cis.yale.edu,9,9,9,9,9,9,193,193,193,193,193,193,1204,1204,1204,1204,1204,1204
kuts11p01.cc.ukans.edu,19,19,19,19,19,19,216,216,216,216,216,216,12054,12054,12054,12054,12054,12054
kuts2p01.cc.ukans.edu,14,14,14,14,14,14,182,182,182,182,182,182,0,0,0,0,0,0
kuts4p14.cc.ukans.edu,20,20,20,20,20,20,197,197,197,197,197,197,36902,36902,36902,36902,36902,36902
l8.cslab.unf.edu,11,11,11,11,11,11,207,207,207,207,207,207,14176,14176,14176,14176,14176,14176
lab200-01.baylor.edu,16,16,16,16,16,16,208,208,208,208,208,208,49152,49152,49152,49152,49152,49152
lab8.pc.fsu.edu,11,11,11,11,11,11,183,183,183,183,183,183,13116,13116,13116,13116,13116,13116
labmac5.coe.uwf.edu,12,12,12,12,12,12,205,205,205,205,205,205,0,0,0,0,0,0
laputa.eecs.nwu.edu,10,10,10,10,10,10,228,228,228,228,228,228,0,0,0,0,0,0
lholly95.princeton.edu,19,19,19,19,19,19,237,237,237,237,237,237,786,786,786,786,786,786
lib-200.flint.umich.edu,12,12,12,12,12,12,205,205,205,205,205,205,5866,5866,5866,5866,5866,5866
libbabac-es.tamu.edu,8,8,8,8,8,8,240,240,240,240,240,240,4745,4745,4745,4745,4745,4745
libmac2.lib.stthomas.edu,11,11,11,11,11,11,198,198,198,198,198,198,2537,2537,2537,2537,2537,2537
libpub40.lib.utk.edu,10,10,10,10,10,10,217,217,217,217,217,217,786,786,786,786,786,786
liquid2-sun.mit.edu,14,14,14,14,14,14,202,202,202,202,202,202,2537,2537,2537,2537,2537,2537
lis-a.dml.georgetown.edu,8,8,8,8,8,8,243,243,243,243,243,243,3938,3938,3938,3938,3938,3938
lmf20.berkeley.edu,14,14,14,14,14,14,199,199,199,199,199,199,8678,8678,8678,8678,8678,8678
locust.egr.uh.edu,15,15,15,15,15,15,186,186,186,186,186,186,3635,3635,3635,3635,3635,3635
logoff.ucns.uga.edu,13,13,13,13,13,13,193,193,193,193,193,193,0,0,0,0,0,0
loki.unomaha.edu,20,20,20,20,20,20,195,195,195,195,195,195,4247,4247,4247,4247,4247,4247
loren.icis.washington.edu,19,19,19,19,19,19,206,206,206,206,206,206,1204,1204,1204,1204,1204,1204
ls109-bg98.gsu.edu,8,8,8,8,8,8,186,186,186,186,186,186,3985,3985,3985,3985,3985,3985
lucky110.acns.nwu.edu,18,18,18,18,18,18,232,232,232,232,232,232,234,234,234,234,234,234
lucky134.acns.nwu.edu,13,13,13,13,13,13,183,183,183,183,183,183,5121,5121,5121,5121,5121,5121
lucky159.acns.nwu.edu,19,19,19,19,19,19,190,190,190,190,190,190,8678,8678,8678,8678,8678,8678
lunatic.mit.edu,12,12,12,12,12,12,220,220,220,220,220,220,3164,3164,3164,3164,3164,3164
lund.physics.isu.edu,14,14,14,14,14,14,208,208,208,208,208,208,1204,1204,1204,1204,1204,1204
lynn.biosci.umtri.umich.edu,8,8,8,8,8,8,243,243,243,243,243,243,46053,46053,46053,46053,46053,46053
lynnmac17.cc.purdue.edu,16,16,16,16,16,16,221,221,221,221,221,221,46053,46053,46053,46053,46053,46053
m1002.bates.edu,17,17,17,17,17,17,193,193,193,193,193,193,786,786,786,786,786,786
m144403.lib1444.uic.edu,6,6,6,6,6,6,195,195,195,195,195,195,12859,12859,12859,12859,12859,12859
m33-222-1.mit.edu,15,15,15,15,15,15,219,219,219,219,219,219,11264,11264,11264,11264,11264,11264
m66-080-19.mit.edu,14,14,14,14,14,14,200,200,200,200,200,200,36098,36098,36098,36098,36098,36098
mac-04.csres.utexas.edu,13,13,13,13,13,13,192,192,192,192,192,192,4209,4209,4209,4209,4209,4209
mac-11136.sr-building.uh.edu,8,8,8,8,8,8,236,236,236,236,236,236,786,786,786,786,786,786
mac-11148.sr-building.uh.edu,6,6,6,6,6,6,186,186,186,186,186,186,13116,13116,13116,13116,13116,13116
mac-2586.d-building.uh.edu,10,10,10,10,10,10,188,188,188,188,188,188,13318,13318,13318,13318,13318,13318
mac13.univ-relations.pitt.edu,7,7,7,7,7,7,237,237,237,237,237,237,0,0,0,0,0,0
mac143.ma.psu.edu,7,7,7,7,7,7,233,233,233,233,233,233,2489,2489,2489,2489,2489,2489
mac144.ma.psu.edu,9,9,9,9,9,9,241,241,241,241,241,241,7089,7089,7089,7089,7089,7089
mac155.ma.psu.edu,9,9,9,9,9,9,205,205,205,205,205,205,4324,4324,4324,4324,4324,4324
mac193.admin.biola.edu,23,23,23,23,23,23,227,227,227,227,227,227,368,368,368,368,368,368
mac2.uafcs.alaska.edu,12,12,12,12,12,12,199,199,199,199,199,199,0,0,0,0,0,0
mac25.four-h.purdue.edu,11,11,11,11,11,11,184,184,184,184,184,184,4324,4324,4324,4324,4324,4324
mac68-xolotl.lib.utah.edu,11,11,11,11,11,11,196,196,196,196,196,196,5866,5866,5866,5866,5866,5866
macpkh03.duc.auburn.edu,7,7,7,7,7,7,234,234,234,234,234,234,5222,5222,5222,5222,5222,5222
macpkh05.duc.auburn.edu,23,23,23,23,23,23,240,240,240,240,240,240,1414,1414,1414,1414,1414,1414
magenta.vrg.toronto.edu,8,8,8,8,8,8,218,218,218,218,218,218,4209,4209,4209,4209,4209,4209
maple.cc.vt.edu,9999999,9999999,9999999,9999999,9999999,9999999,9999999,9999999,9999999,9999999,9999999,9999999,9999999,9999999,9999999,9999999,9999999,9999999
marina.cea.berkeley.edu,16,17,16.5,17,272,33,192,193,192.5,193,37056,385,3584,3584,3584,3584,12845056,7168
material.upr.clu.edu,12,12,12,12,12,12,233,233,233,233,233,233,49152,49152,49152,49152,49152,49152
max.ifa.hawaii.edu,23,23,23,23,23,23,243,243,243,243,243,243,7089,7089,7089,7089,7089,7089
mcgee-pc.cns.ohiou.edu,7,7,7,7,7,7,240,240,240,240,240,240,669,669,669,669,669,669
mcmac20.unh.edu,15,15,15,15,15,15,205,205,205,205,205,205,8678,8678,8678,8678,8678,8678
mcmahon.adminis.nd.edu,12,12,12,12,12,12,193,193,193,193,193,193,1204,1204,1204,1204,1204,1204
mealybug.occ.uc.edu,6,6,6,6,6,6,209,209,209,209,209,209,71319,71319,71319,71319,71319,71319
mercury.ics.uci.edu,19,19,19,19,19,19,219,219,219,219,219,219,1173,1173,1173,1173,1173,1173
mercury.stsci.edu,5,5,5,5,5,5,194,194,194,194,194,194,5026,5026,5026,5026,5026,5026
metmac5.mse.iastate.edu,21,21,21,21,21,21,222,222,222,222,222,222,1204,1204,1204,1204,1204,1204
mhansen.berklee.edu,5,5,5,5,5,5,234,234,234,234,234,234,17688,17688,17688,17688,17688,17688
mmlab7.mm.mtu.edu,14,14,14,14,14,14,221,221,221,221,221,221,0,0,0,0,0,0
moe.bu.edu,12,12,12,12,12,12,187,187,187,187,187,187,42732,42732,42732,42732,42732,42732
monaco.cs.brown.edu,15,15,15,15,15,15,229,229,229,229,229,229,1204,1204,1204,1204,1204,1204
monet.tcs.uh.edu,9,9,9,9,9,9,233,233,233,233,233,233,13372,13372,13372,13372,13372,13372
monod.biomath.nyu.edu,14,14,14,14,14,14,191,191,191,191,191,191,786,786,786,786,786,786
moose.nmr.mgh.harvard.edu,10,10,10,10,100,20,235,235,235,235,55225,470,143703,143703,80926,143703,2608065747,161852
mp.cs.niu.edu,8,8,8,8,8,8,191,191,191,191,191,191,78588,78588,78588,78588,78588,78588
mpp.cs.ucla.edu,21,21,21,21,21,21,197,197,197,197,197,197,11853,11853,11853,11853,11853,11853
mthwpc19.cc.purdue.edu,9,9,9,9,9,9,237,237,237,237,237,237,57344,57344,57344,57344,57344,57344
mudd3.library.yale.edu,11,11,11,11,11,11,184,184,184,184,184,184,1713,1713,1713,1713,1713,1713
muddhp11.cc.columbia.edu,13,13,13,13,13,13,182,182,182,182,182,182,58690,58690,58690,58690,58690,58690
mups.bgsu.edu,11,11,11,11,11,11,193,193,193,193,193,193,786,786,786,786,786,786
n00069-104afc.unity.ncsu.edu,1,1,1,1,1,1,206,206,206,206,206,206,8678,8678,8678,8678,8678,8678
n00077-104afc.unity.ncsu.edu,22,22,22,22,22,22,227,227,227,227,227,227,11853,11853,11853,11853,11853,11853
n2-8-35.public.drexel.edu,5,5,5,5,5,5,206,206,206,206,206,206,12859,12859,12859,12859,12859,12859
natsci-mac38.ns.utexas.edu,12,12,12,12,12,12,205,205,205,205,205,205,0,0,0,0,0,0
nb2ppp09.acns-slp.fsu.edu,6,6,6,6,6,6,189,189,189,189,189,189,8678,8678,8678,8678,8678,8678
nb2ppp21.acns-slp.fsu.edu,5,5,5,5,5,5,182,182,182,182,182,182,79088,79088,79088,79088,79088,79088
nearlink.ll.mit.edu,12,12,12,12,12,12,229,229,229,229,229,229,4179,4179,4179,4179,4179,4179
neilson.phys.vims.edu,12,12,12,12,12,12,235,235,235,235,235,235,1173,1173,1173,1173,1173,1173
neptuneael.sjsu.edu,1,1,1,1,1,1,204,204,204,204,204,204,8678,8678,8678,8678,8678,8678
newton.physics.utah.edu,11,11,11,11,11,11,219,219,219,219,219,219,27063,27063,27063,27063,27063,27063
nichknet-69.acs.umn.edu,14,14,14,14,14,14,205,205,205,205,205,205,2400,2400,2400,2400,2400,2400
node8.class.mhpcc.edu,14,14,14,14,14,14,221,221,221,221,221,221,3977,3977,3977,3977,3977,3977
nomad.law.miami.edu,10,10,10,10,10,10,202,202,202,202,202,202,669,669,669,669,669,669
nozean.geo.umass.edu,11,11,11,11,11,11,183,183,183,183,183,183,8083,8083,8083,8083,8083,8083
nvcon22.pcsub9.db.erau.edu,14,14,14,14,14,14,194,194,194,194,194,194,1204,1204,1204,1204,1204,1204
nvcon58.pcsub9.db.erau.edu,8,8,8,8,8,8,243,243,243,243,243,243,669,669,669,669,669,669
oac14.hsc.uth.tmc.edu,11,13,12,13,143,24,187,187,187,187,34969,374,11326,13539,12432.5,13539,153342714,24865
oac47.oac.utk.edu,8,8,8,8,8,8,195,195,195,195,195,195,786,786,786,786,786,786
occam.physics.louisville.edu,8,8,8,8,8,8,207,207,207,207,207,207,0,0,0,0,0,0
odin.dfci.harvard.edu,15,15,15,15,15,15,200,200,200,200,200,200,1713,1713,1713,1713,1713,1713
operator2.it-datacntr.louisville.edu,18,18,18,18,18,18,203,203,203,203,203,203,7071,7071,7071,7071,7071,7071
ortho84-27.ucsd.edu,9,9,9,9,9,9,193,193,193,193,193,193,786,786,786,786,786,786
osiris.cs.csufresno.edu,13,13,13,13,13,13,205,205,205,205,205,205,2355,2355,2355,2355,2355,2355
p107a-05.lib.memphis.edu,11,11,11,11,11,11,236,236,236,236,236,236,1204,1204,1204,1204,1204,1204
pabl-211a-3.animal.uiuc.edu,20,20,20,20,20,20,236,236,236,236,236,236,1204,1204,1204,1204,1204,1204
pacmac17-chem.ucsd.edu,15,15,15,15,15,15,199,199,199,199,199,199,1731,1731,1731,1731,1731,1731
pc-ee225-1.nmsu.edu,7,7,7,7,7,7,188,188,188,188,188,188,18149,18149,18149,18149,18149,18149
pc0007.jach.hawaii.edu,18,18,18,18,18,18,242,242,242,242,242,242,891,891,891,891,891,891
pc102735.med.cornell.edu,13,13,13,13,13,13,187,187,187,187,187,187,40310,40310,40310,40310,40310,40310
pc104.pop.upenn.edu,21,21,21,21,21,21,199,199,199,199,199,199,11473,11473,11473,11473,11473,11473
pc21019.mac.cc.cmu.edu,19,19,19,19,19,19,233,233,233,233,233,233,5978,5978,5978,5978,5978,5978
pc4.frontier.osrhe.edu,12,12,12,12,12,12,235,235,235,235,235,235,234,234,234,234,234,234
pc49-l1-mystic.slcc.edu,9,9,9,9,9,9,188,188,188,188,188,188,0,0,0,0,0,0
pc5103.pc.cc.cmu.edu,8,8,8,8,8,8,182,182,182,182,182,182,372,372,372,372,372,372
pc6.upa.nau.edu,14,14,14,14,14,14,188,188,188,188,188,188,3635,3635,3635,3635,3635,3635
pc71.chp.edu,5,5,5,5,5,5,188,188,188,188,188,188,12859,12859,12859,12859,12859,12859
pc75.et.byu.edu,0,1,0.5,1,0,1,208,208,208,208,43264,416,4324,4324,4023.5,4324,16098252,8047
pc79.lib.nau.edu,16,16,16,16,16,16,237,237,237,237,237,237,17459,17459,17459,17459,17459,17459
pent6.cooper.edu,15,15,15,15,15,15,193,193,193,193,193,193,1204,1204,1204,1204,1204,1204
personal-nb08.byu.edu,20,20,20,20,20,20,191,191,191,191,191,191,3998,3998,3998,3998,3998,3998
peter.sinclair.hawaii.edu,15,15,15,15,15,15,236,236,236,236,236,236,3260,3260,3260,3260,3260,3260
phalanx.mbl.edu,16,16,16,16,16,16,191,191,191,191,191,191,12859,12859,12859,12859,12859,12859
phred.bryant.edu,10,10,10,10,10,10,237,237,237,237,237,237,515,515,515,515,515,515
pinta.csee.usf.edu,13,13,12.5,13,156,25,233,243,238,243,56619,476,8677,8677,4731.5,8677,6820122,9463
pitcairn.lib.uci.edu,16,16,16,16,256,32,186,186,186,186,34596,372,5866,12054,8960,12054,70708764,17920
pmurray-mac.lib.muohio.edu,12,12,12,12,12,12,198,198,198,198,198,198,28219,28219,28219,28219,28219,28219
pollard.csr.utexas.edu,13,13,13,13,13,13,194,194,194,194,194,194,363,363,363,363,363,363
port-005.dial.net.nyu.edu,16,16,16,16,16,16,186,186,186,186,186,186,363,363,363,363,363,363
port-053.dial.net.nyu.edu,1,1,1,1,1,1,209,209,209,209,209,209,0,0,0,0,0,0
port-2-pharmacylr.pharm.arizona.edu,12,12,12,12,12,12,203,203,203,203,203,203,4179,4179,4179,4179,4179,4179
port11.ts1.msstate.edu,7,7,7,7,7,7,217,217,217,217,217,217,669,669,669,669,669,669
port34.tserver2.ucf.edu,17,17,17,17,17,17,190,190,190,190,190,190,786,786,786,786,786,786
port39.tserver1.ucf.edu,19,19,19,19,19,19,192,192,192,192,192,192,509,509,509,509,509,509
postdoc.dmc.maine.edu,12,12,12,12,12,12,228,228,228,228,228,228,12054,12054,12054,12054,12054,12054
pow_mac_3.chass.ncsu.edu,7,7,7,7,7,7,208,208,208,208,208,208,46573,46573,46573,46573,46573,46573
ppp-82-11.bu.edu,10,10,10,10,10,10,205,205,205,205,205,205,0,0,0,0,0,0
ppp-83-15.bu.edu,7,7,7,7,7,7,203,203,203,203,203,203,28426,28426,28426,28426,28426,28426
ppp-dial3-15.opr.oakland.edu,18,18,18,18,18,18,230,230,230,230,230,230,25218,25218,25218,25218,25218,25218
ppp0d-03.rns.tamu.edu,19,19,19,19,19,19,185,185,185,185,185,185,5866,5866,5866,5866,5866,5866
ppp36.modems.uoknor.edu,17,17,17,17,289,34,232,232,232,232,53824,464,509,786,647.5,786,400074,1295
pr19.bsvc.berkeley.edu,12,12,12,12,12,12,226,226,226,226,226,226,8677,8677,8677,8677,8677,8677
prandtl.aero.ufl.edu,10,10,10,10,10,10,242,242,242,242,242,242,11473,11473,11473,11473,11473,11473
pres-pc11.bu.edu,12,12,12,12,12,12,186,186,186,186,186,186,1414,1414,1414,1414,1414,1414
pricelc2.edmedia.nd.edu,14,14,14,14,14,14,187,187,187,187,187,187,40310,40310,40310,40310,40310,40310
proton.mit.edu,15,15,15,15,15,15,194,194,194,194,194,194,0,0,0,0,0,0
psc-624.hsc.usc.edu,21,21,21,21,21,21,207,207,207,207,207,207,28426,28426,28426,28426,28426,28426
pub237.fsb.duke.edu,12,12,12,12,12,12,183,183,183,183,183,183,40310,40310,40310,40310,40310,40310
pubinfo.ucsd.edu,5,5,5,5,5,5,191,191,191,191,191,191,8678,8678,8678,8678,8678,8678
pv0266.vincent.iastate.edu,7,7,7,7,7,7,241,241,241,241,241,241,543,543,543,543,543,543
pv15156p-745122.ucs.indiana.edu,19,19,19,19,19,19,220,220,220,220,220,220,7131,7131,7131,7131,7131,7131
pxa.slu.edu,14,14,14,14,14,14,242,242,242,242,242,242,234,234,234,234,234,234
quadra_alpha.rollins.edu,8,8,8,8,8,8,219,219,219,219,219,219,32511,32511,32511,32511,32511,32511
quark.omsi.edu,11,11,11,11,11,11,239,239,239,239,239,239,32885,32885,32885,32885,32885,32885
quark.phys.ufl.edu,23,23,23,23,23,23,189,189,189,189,189,189,363,363,363,363,363,363
rainesb.baylor.edu,6,6,6,6,6,6,195,195,195,195,195,195,363,363,363,363,363,363
rccr46.tamu.edu,7,7,7,7,7,7,209,209,209,209,209,209,1055,1055,1055,1055,1055,1055
redx3.cac.washington.edu,16,16,16,16,16,16,192,192,192,192,192,192,945,945,945,945,945,945
ref04.lib.lsu.edu,16,16,16,16,16,16,197,197,197,197,197,197,1204,1204,1204,1204,1204,1204
rhyolite.geo.umass.edu,8,12,10,12,96,20,216,240,228,240,51840,456,2443,2443,1823.5,2443,2941372,3647
riccelli.hsc.colorado.edu,13,13,13,13,13,13,221,221,221,221,221,221,16966,16966,16966,16966,16966,16966
rm101b3.ageng.vt.edu,8,8,8,8,8,8,216,216,216,216,216,216,0,0,0,0,0,0
rm107-29.und-w.nodak.edu,18,18,18,18,18,18,208,208,208,208,208,208,5978,5978,5978,5978,5978,5978
rome.eng.utsa.edu,10,10,10,10,10,10,186,186,186,186,186,186,3985,3985,3985,3985,3985,3985
rossi.astro.nwu.edu,3,3,3,3,3,3,189,189,189,189,189,189,0,0,0,0,0,0
rpd.fas.harvard.edu,13,13,13,13,13,13,187,187,187,187,187,187,16102,16102,16102,16102,16102,16102
rts0109.ppp.wfu.edu,18,18,18,18,18,18,190,190,190,190,190,190,0,0,0,0,0,0
russia.pop.psu.edu,16,16,16,16,16,16,237,237,237,237,237,237,6168,6168,6168,6168,6168,6168
rvargas.extern.ucsd.edu,15,15,15,15,15,15,184,184,184,184,184,184,4347,4347,4347,4347,4347,4347
s003n020.csun.edu,8,14,12.333333,15,1680,37,199,201,202.333333,207,8279793,607,0,0,0,0,0,0
s055n201.csun.edu,15,15,15,15,15,15,223,223,223,223,223,223,4179,4179,4179,4179,4179,4179
s109n166.csun.edu,8,8,8,8,8,8,200,200,200,200,200,200,28847,28847,28847,28847,28847,28847
s254n023ppp4.csun.edu,4,4,4,4,4,4,227,227,227,227,227,227,11910,11910,11910,11910,11910,11910
sable.cs.uml.edu,22,22,22,22,22,22,205,205,205,205,205,205,130724,130724,130724,130724,130724,130724
sallib.sals.edu,1,1,1,1,1,1,231,231,231,231,231,231,3823,3823,3823,3823,3823,3823
saucer.cc.umr.edu,8,8,8,8,8,8,184,184,184,184,184,184,4535,4535,4535,4535,4535,4535
saul6.u.washington.edu,17,17,17,17,17,17,232,232,232,232,232,232,3260,3260,3260,3260,3260,3260
sbell.alumni.uga.edu,6,6,6,6,6,6,241,241,241,241,241,241,0,0,0,0,0,0
schooner.mit.edu,15,15,15,15,15,15,194,194,194,194,194,194,41397,41397,41397,41397,41397,41397
sci-pub-1.lib.muohio.edu,13,13,13,13,13,13,187,187,187,187,187,187,1713,1713,1713,1713,1713,1713
scotton.updc.louisville.edu,9,9,9,9,9,9,220,220,220,220,220,220,4673,4673,4673,4673,4673,4673
scratchy.bocklabs.wisc.edu,14,14,14,14,14,14,194,194,194,194,194,194,0,0,0,0,0,0
seaquest.cc.odu.edu,9,9,9.333333,10,810,28,191,195,197,205,7635225,591,363,363,813,1713,225720297,2439
seas.marine.usf.edu,18,18,18,18,18,18,236,236,236,236,236,236,20233,20233,20233,20233,20233,20233
seds.lpl.arizona.edu,13,13,13,13,13,13,193,193,193,193,193,193,0,0,0,0,0,0
sehplib.ucsd.edu,13,13,13,13,13,13,241,241,241,241,241,241,11853,11853,11853,11853,11853,11853
sets31.sprl.umich.edu,9,9,9,9,9,9,194,194,194,194,194,194,42732,42732,42732,42732,42732,42732
sfghaids19.ucsf.edu,13,13,13,13,13,13,200,200,200,200,200,200,0,0,0,0,0,0
shantz338-29.ccit.arizona.edu,18,18,18,18,18,18,207,207,207,207,207,207,1932,1932,1932,1932,1932,1932
shirley.rutgers.edu,13,13,13,13,13,13,191,191,191,191,191,191,669,669,669,669,669,669
sigtrap.eecs.wsu.edu,14,14,14,14,14,14,196,196,196,196,196,196,509,509,509,509,509,509
sip-14167.public-dialups.uh.edu,15,15,15,15,15,15,190,190,190,190,190,190,11853,11853,11853,11853,11853,11853
slaves.ucc.uno.edu,12,12,12,12,12,12,188,188,188,188,188,188,11853,11853,11853,11853,11853,11853
slip-0.sjca.edu,16,16,16,16,16,16,223,223,223,223,223,223,1173,1173,1173,1173,1173,1173
slip-20-9.ots.utexas.edu,14,14,14,14,14,14,221,221,221,221,221,221,52516,52516,52516,52516,52516,52516
slip-23-16.ots.utexas.edu,22,22,22,22,22,22,216,216,216,216,216,216,509,509,509,509,509,509
slip-31-2.ots.utexas.edu,22,22,22,22,22,22,193,193,193,193,193,193,25218,25218,25218,25218,25218,25218
slip-39-7.ots.utexas.edu,23,23,23,23,23,23,233,233,233,233,233,233,0,0,0,0,0,0
slip133.ucs.orst.edu,12,12,12,12,12,12,223,223,223,223,223,223,4441,4441,4441,4441,4441,4441
slip3-31.dialin.uic.edu,19,19,19,19,19,19,205,205,205,205,205,205,5978,5978,5978,5978,5978,5978
smaug.eecs.umich.edu,11,11,11,11,11,11,229,229,229,229,229,229,0,0,0,0,0,0
smf-d16.facsmf.utexas.edu,11,11,11,11,11,11,216,216,216,216,216,216,3260,3260,3260,3260,3260,3260
smf-f2.facsmf.utexas.edu,9,9,9,9,9,9,230,230,230,230,230,230,8083,8083,8083,8083,8083,8083
smith.ee.twsu.edu,13,13,13,13,13,13,205,205,205,205,205,205,0,0,0,0,0,0
smurali.rx.uga.edu,8,8,8,8,8,8,233,233,233,233,233,233,9648,9648,9648,9648,9648,9648
sn227012.resnet.drexel.edu,12,12,12,12,12,12,233,233,233,233,233,233,786,786,786,786,786,786
snow.ccit.arizona.edu,10,10,10,10,10,10,230,230,230,230,230,230,1387,1387,1387,1387,1387,1387
soda.csua.berkeley.edu,1,1,1,1,1,1,189,189,189,189,189,189,308,308,308,308,308,308
southpole.astro.ucla.edu,16,16,16,16,16,16,191,191,191,191,191,191,1204,1204,1204,1204,1204,1204
sparc10_work4.utsi.edu,9,10,9.5,10,90,19,197,239,218,239,47083,436,0,1713,856.5,1713,0,1713
sppc2231.uwsp.edu,10,10,10,10,10,10,208,208,208,208,208,208,651,651,651,651,651,651
sprite.ece.cmu.edu,8,8,8,8,8,8,201,201,201,201,201,201,509,509,509,509,509,509
sputnix.cas.und.nodak.edu,15,15,15,15,15,15,206,206,206,206,206,206,3274,3274,3274,3274,3274,3274
sq36.ccs.itd.umich.edu,8,8,8,8,8,8,243,243,243,243,243,243,891,891,891,891,891,891
staphlab.path.vet.ksu.edu,15,15,15,15,15,15,186,186,186,186,186,186,363,363,363,363,363,363
starbug.uwyo.edu,11,11,11,11,11,11,223,223,223,223,223,223,3714,3714,3714,3714,3714,3714
staticmac156.ac.biola.edu,10,10,10,10,10,10,195,195,195,195,195,195,1173,1173,1173,1173,1173,1173
stout.atd.ucar.edu,9,9,9,9,9,9,205,205,205,205,205,205,2653,2653,2653,2653,2653,2653
sudial2-209.syr.edu,19,19,19,19,19,19,200,200,200,200,200,200,4324,4324,4324,4324,4324,4324
sunburst.eng.usf.edu,21,21,21,21,21,21,205,205,205,205,205,205,18556,18556,18556,18556,18556,18556
suntan.eng.usf.edu,19,19,19,19,19,19,190,190,190,190,190,190,308,308,308,308,308,308
surg1.mayo.edu,13,13,13,13,13,13,192,192,192,192,192,192,16966,16966,16966,16966,16966,16966
symmetry.icsl.ucla.edu,7,7,7,7,7,7,201,201,201,201,201,201,11175,11175,11175,11175,11175,11175
syru53-025.syr.edu,6,6,6,6,6,6,207,207,207,207,207,207,1204,1204,1204,1204,1204,1204
t123.sang.wmich.edu,10,10,10,10,100,20,201,201,201,201,40401,402,0,786,393,786,0,786
talisker.mae.cornell.edu,10,10,10,10,10,10,199,199,199,199,199,199,4821,4821,4821,4821,4821,4821
tammya.cas.und.nodak.edu,17,17,14,17,187,28,184,205,194.5,205,37720,389,1124,6245,3684.5,6245,7019380,7369
taurus.sfsu.edu,10,18,14,18,180,28,189,202,195.5,202,38178,391,0,0,0,0,0,0
teaspoon.engin.umich.edu,18,18,18,18,18,18,242,242,242,242,242,242,8677,8677,8677,8677,8677,8677
temp-lambda-nu-dynamic-69.stanford.edu,23,23,23,23,23,23,190,190,190,190,190,190,18149,18149,18149,18149,18149,18149
terminator.dri.du.edu,7,7,7,7,7,7,219,219,219,219,219,219,46053,46053,46053,46053,46053,46053
tesla.njit.edu,12,12,12,12,12,12,186,186,186,186,186,186,41397,41397,41397,41397,41397,41397
thor.ics.uci.edu,0,0,0,0,0,0,185,185,185,185,185,185,234,234,234,234,234,234
tio.uthscsa.edu,12,12,12,12,12,12,192,192,192,192,192,192,49152,49152,49152,49152,49152,49152
title3pcc.dco.pima.edu,10,10,10,10,10,10,233,233,233,233,233,233,168,168,168,168,168,168
tjones.tamu.edu,14,14,14,14,14,14,235,235,235,235,235,235,11853,11853,11853,11853,11853,11853
toughguy.ee.ucla.edu,14,14,14,14,14,14,192,192,192,192,192,192,11853,11853,11853,11853,11853,11853
tourmaline.tc.uofs.edu,12,12,12,12,12,12,242,242,242,242,242,242,1414,1414,1414,1414,1414,1414
trumpet.aix.calpoly.edu,22,22,22,22,22,22,201,201,201,201,201,201,1387,1387,1387,1387,1387,1387
ts02.wiu.bgu.edu,14,14,14,14,14,14,229,229,229,229,229,229,3850,3850,3850,3850,3850,3850
ts44.neiu.bgu.edu,13,13,13,13,13,13,186,186,186,186,186,186,45966,45966,45966,45966,45966,45966
ts5-13.westwood.ts.ucla.edu,21,21,21,21,21,21,184,184,184,184,184,184,1204,1204,1204,1204,1204,1204
tsppp15.cac.psu.edu,20,20,20,20,20,20,216,216,216,216,216,216,8083,8083,8083,8083,8083,8083
tsppp56.cac.psu.edu,19,19,19,19,19,19,188,188,188,188,188,188,5866,5866,5866,5866,5866,5866
ttvn-reservations.tamu.edu,11,11,11,11,11,11,201,201,201,201,201,201,234,234,234,234,234,234
tty2-9.tc.nd.edu,14,14,14,14,14,14,219,219,219,219,219,219,234,234,234,234,234,234
u199-pc25.csd.uwm.edu,8,8,8,8,8,8,186,186,186,186,186,186,12054,12054,12054,12054,12054,12054
uape-30.ucsd.edu,11,11,11,11,11,11,198,198,198,198,198,198,46573,46573,46573,46573,46573,46573
ub056-695488.ucs.indiana.edu,12,12,12,12,12,12,229,229,229,229,229,229,49152,49152,49152,49152,49152,49152
ubppp-01.ppp-net.buffalo.edu,12,12,12,12,12,12,217,217,217,217,217,217,8677,8677,8677,8677,8677,8677
ubppp-09.ppp-net.buffalo.edu,17,17,17,17,17,17,207,207,207,207,207,207,786,786,786,786,786,786
uchfs01.hpb.uc.edu,9,9,9,9,9,9,191,191,191,191,191,191,18149,18149,18149,18149,18149,18149
ucicl.eng.uci.edu,12,12,10.333333,12,1008,31,193,193,190.666667,193,6928314,572,0,0,0,0,0,0
uconnvm.uconn.edu,8,8,8,8,8,8,236,236,236,236,236,236,53510,53510,53510,53510,53510,53510
ucopr.msb.uc.edu,8,8,8,8,8,8,241,241,241,241,241,241,234,234,234,234,234,234
ucxy07_12.slip.uc.edu,13,13,13,13,13,13,207,207,207,207,207,207,306,306,306,306,306,306
ul3120-j.ulib.iupui.edu,13,13,13,13,13,13,194,194,194,194,194,194,13391,13391,13391,13391,13391,13391
umslts1_30.umsl.edu,8,8,8,8,8,8,238,238,238,238,238,238,4179,4179,4179,4179,4179,4179
unexlab9.ucr.edu,17,17,17,17,17,17,222,222,222,222,222,222,3260,3260,3260,3260,3260,3260
unotv.unomaha.edu,7,7,7,7,7,7,243,243,243,243,243,243,0,0,0,0,0,0
unr006.spu.edu,16,16,16,16,16,16,203,203,203,203,203,203,3635,3635,3635,3635,3635,3635
uscalgb.uchicago.edu,11,11,11,11,11,11,213,213,213,213,213,213,12859,12859,12859,12859,12859,12859
usp-mac33.usp.vcu.edu,7,7,7,7,7,7,188,188,188,188,188,188,7634,7634,7634,7634,7634,7634
utarlg.uta.edu,13,13,13,13,13,13,186,186,186,186,186,186,3985,3985,3985,3985,3985,3985
vernon.sncc.lsu.edu,12,12,12,12,12,12,243,243,243,243,243,243,5052,5052,5052,5052,5052,5052
vettes.inre.asu.edu,19,19,19,19,19,19,184,184,184,184,184,184,11853,11853,11853,11853,11853,11853
via-annex3-21.cl.msu.edu,9,9,9,9,9,9,230,230,230,230,230,230,1204,1204,1204,1204,1204,1204
visionmac1.harvard.edu,7,7,7,7,7,7,216,216,216,216,216,216,7034,7034,7034,7034,7034,7034
voice.ece.jhu.edu,6,6,6,6,6,6,218,218,218,218,218,218,3625,3625,3625,3625,3625,3625
voter-classroom-ethernet-10.middlebury.edu,15,15,15,15,15,15,204,204,204,204,204,204,7025,7025,7025,7025,7025,7025
vtbtox.vetmed.lsu.edu,9,9,9,9,9,9,223,223,223,223,223,223,669,669,669,669,669,669
walt.cfr.washington.edu,14,14,14,14,14,14,206,206,206,206,206,206,16102,16102,16102,16102,16102,16102
walt.cs.msstate.edu,7,7,7,7,7,7,235,235,235,235,235,235,3635,3635,3635,3635,3635,3635
walton.chem.purdue.edu,11,11,11,11,11,11,182,182,182,182,182,182,363,363,363,363,363,363
waring-mac103.cac-labs.psu.edu,19,19,19,19,19,19,241,241,241,241,241,241,11853,11853,11853,11853,11853,11853
wei-410-f05.circa.ufl.edu,14,14,14,14,14,14,242,242,242,242,242,242,4657,4657,4657,4657,4657,4657
welch-1000-000-6.stanford.edu,17,17,17,17,17,17,188,188,188,188,188,188,786,786,786,786,786,786
wem23.itc.uiowa.edu,18,18,18,18,18,18,195,195,195,195,195,195,11417,11417,11417,11417,11417,11417
wendler.aiss.uiuc.edu,14,14,14,14,14,14,206,206,206,206,206,206,786,786,786,786,786,786
whitmarshj4.life.uiuc.edu,21,21,21,21,21,21,207,207,207,207,207,207,14682,14682,14682,14682,14682,14682
wilde.oit.umass.edu,17,17,17,17,17,17,209,209,209,209,209,209,7280,7280,7280,7280,7280,7280
wilke2.housing.und.nodak.edu,12,12,12,12,12,12,184,184,184,184,184,184,18114,18114,18114,18114,18114,18114
winger.physics.fsu.edu,10,10,10,10,10,10,184,184,184,184,184,184,3089,3089,3089,3089,3089,3089
wks213.blylab.sru.edu,10,10,10,10,10,10,234,234,234,234,234,234,234,234,234,234,234,234
wkstn12.labs.emich.edu,9,9,9,9,9,9,200,200,200,200,200,200,4347,4347,4347,4347,4347,4347
workstudy.csc.wvu.edu,11,11,11,11,11,11,207,207,207,207,207,207,786,786,786,786,786,786
wrightsville.psych.unc.edu,6,6,6,6,6,6,218,218,218,218,218,218,49705,49705,49705,49705,49705,49705
ws12.lab02.wwu.edu,13,13,13,13,13,13,229,229,229,229,229,229,11473,11473,11473,11473,11473,11473
ws19.cc.ysu.edu,8,8,8,8,8,8,221,221,221,221,221,221,8083,8083,8083,8083,8083,8083
ws239.uncc.edu,11,11,11,11,11,11,241,241,241,241,241,241,18556,18556,18556,18556,18556,18556
ws292.uncc.edu,16,16,16,16,16,16,241,241,241,241,241,241,13994,13994,13994,13994,13994,13994
ws3.irs.siu.edu,9,9,9,9,9,9,226,226,226,226,226,226,4673,4673,4673,4673,4673,4673
wubus17.wustl.edu,18,18,18,18,18,18,244,244,244,244,244,244,5052,5052,5052,5052,5052,5052
wump.eecg.toronto.edu,17,17,17,17,17,17,224,224,224,224,224,224,4045,4045,4045,4045,4045,4045
wuzza.harvard.edu,10,10,10,10,10,10,203,203,203,203,203,203,1428,1428,1428,1428,1428,1428
www.cep.unt.edu,18,18,18,18,18,18,201,201,201,201,201,201,2727,2727,2727,2727,2727,2727
wynns-pc.jhuapl.edu,5,5,5,5,5,5,194,194,194,194,194,194,752,752,752,752,752,752
wyrms-atm.engr.orst.edu,17,17,17,17,17,17,195,195,195,195,195,195,5866,5866,5866,5866,5866,5866
xlab1.fiu.edu,15,15,15,15,15,15,242,242,242,242,242,242,8083,8083,8083,8083,8083,8083
xslip42.csrv.uidaho.edu,22,22,22,22,22,22,221,221,221,221,221,221,20271,20271,20271,20271,20271,20271
xyplex3-4-17.ucs.indiana.edu,17,17,17,17,17,17,230,230,230,230,230,230,2522,2522,2522,2522,2522,2522
yskim.fammed.pitt.edu,8,8,8,8,8,8,213,213,213,213,213,213,363,363,363,363,363,363
yulara.fccc.edu,6,6,6,6,6,6,194,194,194,194,194,194,0,0,0,0,0,0
198.190.226.47.du.nauticom.net,20,20,20,20,20,20,191,191,191,191,191,191,15528,15528,15528,15528,15528,15528
199-186.ico.att.net,10,10,10,10,10,10,219,219,219,219,219,219,0,0,0,0,0,0
199.234.151.30.du.nauticom.net,5,5,5,5,5,5,221,221,221,221,221,221,5866,5866,5866,5866,5866,5866
a10.ppp.mo.net,14,14,14,14,14,14,197,197,197,197,197,197,5866,5866,5866,5866,5866,5866
a1p09.connect.net,17,17,17,17,289,34,236,236,236,236,55696,472,1173,1173,586.5,1173,0,1173
a1p38.connect.net,12,12,12,12,12,12,182,182,182,182,182,182,509,509,509,509,509,509
aneaman.dialup.access.net,8,8,8,8,8,8,206,206,206,206,206,206,669,669,669,669,669,669
arcadia.einet.net,11,11,11,11,11,11,184,184,184,184,184,184,3635,3635,3635,3635,3635,3635
armstro.polaris.net,8,8,8,8,8,8,182,182,182,182,182,182,4209,4209,4209,4209,4209,4209
arnetpc-200.arn.net,10,10,10,10,10,10,217,217,217,217,217,217,6245,6245,6245,6245,6245,6245
as16.net-connect.net,16,16,16,16,16,16,187,187,187,187,187,187,53000,53000,53000,53000,53000,53000
ash4.ramlink.net,5,5,5,5,5,5,207,207,207,207,207,207,2557,2557,2557,2557,2557,2557
asn15.whidbey.net,22,22,22,22,22,22,192,192,192,192,192,192,1173,1173,1173,1173,1173,1173
aux38.plano.net,21,21,20.5,21,420,41,200,203,201.5,203,40600,403,52491,52491,28350,52491,220934619,56700
b1e.ppp.mo.net,19,19,19,19,19,19,194,194,194,194,194,194,72666,72666,72666,72666,72666,72666
babyrain.mi.net,21,21,21,21,21,21,191,191,191,191,191,191,509,509,509,509,509,509
barrel-o-monkeys.cencom.net,3,3,3,3,3,3,186,186,186,186,186,186,530,530,530,530,530,530
bartleby.cybernetics.net,19,19,19,19,19,19,202,202,202,202,202,202,7071,7071,7071,7071,7071,7071
bcarter.igs.net,12,12,12,12,12,12,221,221,221,221,221,221,509,509,509,509,509,509
betacorp.tor.hookup.net,8,8,8,8,8,8,201,201,201,201,201,201,13387,13387,13387,13387,13387,13387
billh.hiwaay.net,2,2,2,2,2,2,243,243,243,243,243,243,130724,130724,130724,130724,130724,130724
billw.novia.net,9,9,9,9,9,9,195,195,195,195,195,195,4441,4441,4441,4441,4441,4441
bne04.world.net,15,15,15,15,15,15,240,240,240,240,240,240,0,0,0,0,0,0
bodowd.tor.hookup.net,16,16,16,16,16,16,206,206,206,206,206,206,1204,1204,1204,1204,1204,1204
buffnet3.buffnet.net,14,14,14,14,14,14,215,215,215,215,215,215,1414,1414,1414,1414,1414,1414
c198.globalvision.net,5,5,5,5,5,5,194,194,194,194,194,194,1851,1851,1851,1851,1851,1851
c8.reach.net,12,12,12,12,12,12,239,239,239,239,239,239,7089,7089,7089,7089,7089,7089
cbray.planet.net,19,19,19,19,19,19,227,227,227,227,227,227,8677,8677,8677,8677,8677,8677
cd-4.continuum.net,7,7,7,7,7,7,232,232,232,232,232,232,49152,49152,49152,49152,49152,49152
cd-5.continuum.net,20,20,20,20,20,20,192,192,192,192,192,192,786,786,786,786,786,786
cd-9.continuum.net,19,19,19,19,19,19,209,209,209,209,209,209,1732,1732,1732,1732,1732,1732
centarus.interpath.net,6,6,6,6,6,6,190,190,190,190,190,190,18114,18114,18114,18114,18114,18114
client17.sedona.net,19,19,19,19,19,19,184,184,184,184,184,184,3985,3985,3985,3985,3985,3985
clk-pm1-2.dialup.coast.net,13,13,13,13,13,13,237,237,237,237,237,237,363,363,363,363,363,363
cn22.ppp.synergy.net,22,22,22,22,22,22,240,240,240,240,240,240,9630,9630,9630,9630,9630,9630
cnynppp8.epix.net,9,9,9,9,9,9,184,184,184,184,184,184,5866,5866,5866,5866,5866,5866
computer.pennet.net,21,21,21,21,21,21,204,204,204,204,204,204,509,509,509,509,509,509
computut.tiac.net,9,9,9,9,9,9,204,204,204,204,204,204,6849,6849,6849,6849,6849,6849
cosmic-ppp.clark.net,18,18,18,18,18,18,192,192,192,192,192,192,530,530,530,530,530,530
craig989.earthlink.net,22,22,22,22,22,22,231,231,231,231,231,231,669,669,669,669,669,669
cs001p03.ket.micron.net,0,0,0,0,0,0,243,243,243,243,243,243,786,786,786,786,786,786
cs002p17.micron.net,18,18,18,18,18,18,183,183,183,183,183,183,3985,3985,3985,3985,3985,3985
cs002p31.micron.net,20,20,20,20,20,20,200,200,200,200,200,200,1414,1414,1414,1414,1414,1414
cs003p08.nam.micron.net,0,0,0,0,0,0,182,182,182,182,182,182,12283,12283,12283,12283,12283,12283
cs006p09.nam.micron.net,20,20,20,20,20,20,218,218,218,218,218,218,1732,1732,1732,1732,1732,1732
cs1-01.mil.ptd.net,5,5,5,5,5,5,239,239,239,239,239,239,363,363,363,363,363,363
cs1-06.all.ptd.net,20,20,20,20,20,20,205,205,205,205,205,205,1583,1583,1583,1583,1583,1583
cs1-08.leh.ptd.net,21,21,21,21,21,21,213,213,213,213,213,213,5866,5866,5866,5866,5866,5866
cs1-08.mil.ptd.net,16,16,16,16,16,16,241,241,241,241,241,241,1204,1204,1204,1204,1204,1204
cs2-04.eph.ptd.net,16,16,16,16,16,16,191,191,191,191,191,191,1204,1204,1204,1204,1204,1204
cs2-09.sun.ptd.net,13,13,13,13,13,13,228,228,228,228,228,228,1932,1932,1932,1932,1932,1932
csl1-8.infolink.net,21,21,21,21,21,21,196,196,196,196,196,196,234,234,234,234,234,234
cspc2.ptd.net,16,16,16,16,16,16,221,221,221,221,221,221,7131,7131,7131,7131,7131,7131
cust1.max9.washington.dc.ms.uu.net,17,17,17,17,17,17,187,187,187,187,187,187,40310,40310,40310,40310,40310,40310
cust16.max2.indianapolis.in.ms.uu.net,19,19,19,19,19,19,240,240,240,240,240,240,363,363,363,363,363,363
cust17.max1.cleveland.oh.ms.uu.net,14,14,14,14,14,14,242,242,242,242,242,242,51244,51244,51244,51244,51244,51244
cust19.max3.dallas.tx.ms.uu.net,18,18,18,18,18,18,240,240,240,240,240,240,0,0,0,0,0,0
cust2.max1.seattle.wa.ms.uu.net,18,18,18,18,18,18,208,208,208,208,208,208,669,669,669,669,669,669
cust31.max1.seattle.wa.ms.uu.net,20,20,20,20,20,20,184,184,184,184,184,184,5866,5866,5866,5866,5866,5866
cust42.max1.washington.dc.ms.uu.net,15,15,15,15,15,15,235,235,235,235,235,235,234,234,234,234,234,234
cust44.max1.minneapolis.mn.ms.uu.net,14,14,14,14,14,14,199,199,199,199,199,199,8678,8678,8678,8678,8678,8678
cust49.max3.chicago.il.ms.uu.net,7,7,7,7,7,7,188,188,188,188,188,188,4209,4209,4209,4209,4209,4209
cust5.max1.orlando.fl.ms.uu.net,13,13,13,13,13,13,193,193,193,193,193,193,669,669,669,669,669,669
cust53.max1.orlando.fl.ms.uu.net,17,17,17,17,17,17,234,234,234,234,234,234,8529,8529,8529,8529,8529,8529
cust56.max5.los-angeles.ca.ms.uu.net,22,22,22,22,22,22,204,204,204,204,204,204,4209,4209,4209,4209,4209,4209
cust62.max1.chicago.il.ms.uu.net,19,19,19,19,19,19,240,240,240,240,240,240,1602,1602,1602,1602,1602,1602
cust62.max2.boston.ma.ms.uu.net,17,17,17,17,17,17,228,228,228,228,228,228,0,0,0,0,0,0
cy3.minn.net,15,15,15,15,15,15,208,208,208,208,208,208,4209,4209,4209,4209,4209,4209
cypress.nwnet.net,13,13,13,13,13,13,217,217,217,217,217,217,1602,1602,1602,1602,1602,1602
d02.pm1.nisiq.net,23,23,23,23,23,23,182,182,182,182,182,182,786,786,786,786,786,786
d100.aksi.net,16,16,16,16,16,16,197,197,197,197,197,197,786,786,786,786,786,786
d130.aksi.net,6,6,6,6,6,6,187,187,187,187,187,187,8146,8146,8146,8146,8146,8146
d202.aa.net,0,0,0,0,0,0,185,185,185,185,185,185,3047,3047,3047,3047,3047,3047
dal01-04.ppp.iadfw.net,0,0,0,0,0,0,195,195,195,195,195,195,4247,4247,4247,4247,4247,4247
dal01-14.ppp.iadfw.net,1,1,1,1,1,1,231,231,231,231,231,231,12859,12859,12859,12859,12859,12859
dal02-19.ppp.iadfw.net,13,13,13,13,13,13,221,221,221,221,221,221,13372,13372,13372,13372,13372,13372
dal04-19.ppp.iadfw.net,16,16,16,16,256,32,197,197,197,197,38809,394,1204,16979,9091.5,16979,20442716,18183
dal05-16.ppp.iadfw.net,11,11,11,11,11,11,243,243,243,243,243,243,234,234,234,234,234,234
dal06.onramp.net,9,9,9,9,9,9,239,239,239,239,239,239,363,363,363,363,363,363
dal09-20.ppp.iadfw.net,20,20,20,20,20,20,231,231,231,231,231,231,669,669,669,669,669,669
dal1021.computek.net,9,9,9,9,9,9,232,232,232,232,232,232,168,168,168,168,168,168
dal1214.computek.net,16,16,16,16,16,16,232,232,232,232,232,232,7131,7131,7131,7131,7131,7131
dal29.pic.net,17,17,17,17,17,17,190,190,190,190,190,190,18149,18149,18149,18149,18149,18149
dal62.pic.net,16,16,16,16,16,16,221,221,221,221,221,221,8083,8083,8083,8083,8083,8083
dal67.pic.net,18,18,18,18,18,18,232,232,232,232,232,232,234,234,234,234,234,234
dcc01704.slip.digex.net,8,8,8,8,8,8,231,231,231,231,231,231,8083,8083,8083,8083,8083,8083
dewelch.earthlink.net,12,12,12,12,12,12,193,193,193,193,193,193,509,509,509,509,509,509
dffl5-37.gate.net,19,19,19,19,19,19,186,186,186,186,186,186,786,786,786,786,786,786
dffl5-49.gate.net,10,10,10,10,10,10,240,240,240,240,240,240,9630,9630,9630,9630,9630,9630
dffl6-43.gate.net,15,15,15,15,15,15,233,233,233,233,233,233,8677,8677,8677,8677,8677,8677
dial1.phoenix.net,14,14,14,14,14,14,186,186,186,186,186,186,0,0,0,0,0,0
dial2-20.midwest.net,22,22,22,22,22,22,223,223,223,223,223,223,13372,13372,13372,13372,13372,13372
dial25.phoenix.net,9,9,9,9,9,9,230,230,230,230,230,230,234,234,234,234,234,234
dial40.phoenix.net,19,19,19,19,19,19,194,194,194,194,194,194,752,752,752,752,752,752
dial51.phoenix.net,12,12,12,12,12,12,233,233,233,233,233,233,527,527,527,527,527,527
dial6-7.midwest.net,6,6,6,6,6,6,228,228,228,228,228,228,9866,9866,9866,9866,9866,9866
dial63.phoenix.net,14,14,14,14,14,14,242,242,242,242,242,242,46053,46053,46053,46053,46053,46053
dial7.man.net,19,19,19,19,19,19,234,234,234,234,234,234,4179,4179,4179,4179,4179,4179
dialin-ttyp9.sky.net,13,13,13,13,13,13,205,205,205,205,205,205,1204,1204,1204,1204,1204,1204
dialin-ttyqe.sky.net,21,21,21,21,21,21,232,232,232,232,232,232,234,234,234,234,234,234
dialin-ttys9.sky.net,15,15,15,15,15,15,198,198,198,198,198,198,1712,1712,1712,1712,1712,1712
dialin16.annex1.radix.net,14,14,14,14,14,14,190,190,190,190,190,190,1204,1204,1204,1204,1204,1204
dialin2.annex1.radix.net,14,14,14,14,14,14,190,190,190,190,190,190,7067,7067,7067,7067,7067,7067
dialip212.tddc.net,20,20,20,20,20,20,221,221,221,221,221,221,2537,2537,2537,2537,2537,2537
dialnet43.hti.net,19,19,19,19,19,19,184,184,184,184,184,184,40310,40310,40310,40310,40310,40310
dialup-10.co.net,9,9,9,9,9,9,196,196,196,196,196,196,0,0,0,0,0,0
dialup-55.icon-stl.net,13,13,13,13,13,13,238,238,238,238,238,238,0,0,0,0,0,0
dialup-67.icon-stl.net,14,14,14,14,14,14,183,183,183,183,183,183,530,530,530,530,530,530
dialup-84.icon-stl.net,10,10,10,10,10,10,233,233,233,233,233,233,1204,1204,1204,1204,1204,1204
dialup00013.cinet.itl.net,1,1,1,1,1,1,239,239,239,239,239,239,1204,1204,1204,1204,1204,1204
dialup03.smartnet.net,20,20,20,20,20,20,243,243,243,243,243,243,3635,3635,3635,3635,3635,3635
dialup12.sequel.net,7,7,7,7,7,7,205,205,205,205,205,205,1204,1204,1204,1204,1204,1204
dialup287.chicago.mci.net,20,20,20,20,20,20,208,208,208,208,208,208,530,530,530,530,530,530
dialup45.washington.mci.net,10,10,10,10,10,10,240,240,240,240,240,240,5866,5866,5866,5866,5866,5866
dialup519.washington.mci.net,18,18,18,18,18,18,224,224,224,224,224,224,35709,35709,35709,35709,35709,35709
dialup532.chicago.mci.net,6,6,6,6,6,6,243,243,243,243,243,243,1204,1204,1204,1204,1204,1204
dialup548.chicago.mci.net,16,16,16,16,16,16,235,235,235,235,235,235,5866,5866,5866,5866,5866,5866
dialup552.washington.mci.net,1,1,1,1,1,1,243,243,243,243,243,243,11853,11853,11853,11853,11853,11853
dialup778.losangeles.mci.net,3,3,3,3,3,3,183,183,183,183,183,183,527,527,527,527,527,527
dialupa135.intex.net,9,9,9,9,9,9,185,185,185,185,185,185,3635,3635,3635,3635,3635,3635
dialups33.ici.net,14,14,14,14,14,14,229,229,229,229,229,229,3047,3047,3047,3047,3047,3047
dialups34.ici.net,4,4,4,4,4,4,187,187,187,187,187,187,14176,14176,14176,14176,14176,14176
dmiracky.illuminet.net,9,9,9,9,9,9,202,202,202,202,202,202,0,0,0,0,0,0
dnet030.sat.texas.net,20,20,20,20,20,20,194,194,194,194,194,194,3635,3635,3635,3635,3635,3635
dnet050.sat.texas.net,9,9,9,9,9,9,185,185,185,185,185,185,0,0,0,0,0,0
dongabriel.earthlink.net,11,11,11,11,11,11,184,184,184,184,184,184,1733,1733,1733,1733,1733,1733
dougmac.pr.mcs.net,14,14,14,14,14,14,208,208,208,208,208,208,527,527,527,527,527,527
dppp17.buffnet.net,17,17,17,17,17,17,242,242,242,242,242,242,786,786,786,786,786,786
dragon.uu.net,15,15,15,15,15,15,234,234,234,234,234,234,0,0,0,0,0,0
dsc.sprint.net,14,14,14,14,14,14,226,226,226,226,226,226,5052,5052,5052,5052,5052,5052
dynamic-36.premier1.net,19,19,19,19,19,19,197,197,197,197,197,197,1602,1602,1602,1602,1602,1602
edtnpt02-port-26.agt.net,0,0,0,0,0,0,230,230,230,230,230,230,5866,5866,5866,5866,5866,5866
eman.tiac.net,20,20,20,20,20,20,183,183,183,183,183,183,127045,127045,127045,127045,127045,127045
entice.helix.net,21,21,21,21,21,21,241,241,241,241,241,241,786,786,786,786,786,786
epigraf.earthlink.net,1,1,1,1,1,1,230,230,230,230,230,230,1173,1173,1173,1173,1173,1173
ericvann.tor.hookup.net,14,14,14,14,14,14,201,201,201,201,201,201,3769,3769,3769,3769,3769,3769
fmy02.supernet.net,9,21,15,21,189,30,197,218,207.5,218,42946,415,0,9866,4933,9866,0,9866
g496.interlink.net,11,11,11,11,11,11,185,185,185,185,185,185,527,527,527,527,527,527
grail1503.nando.net,8,8,8,8,8,8,243,243,243,243,243,243,0,0,0,0,0,0
grail406.nando.net,17,17,17,17,17,17,202,202,202,202,202,202,13372,13372,13372,13372,13372,13372
grail807.nando.net,8,8,8,8,8,8,203,203,203,203,203,203,9867,9867,9867,9867,9867,9867
grail904.nando.net,14,14,14,14,14,14,182,182,182,182,182,182,8677,8677,8677,8677,8677,8677
grail906.nando.net,19,19,19,19,19,19,183,183,183,183,183,183,1713,1713,1713,1713,1713,1713
gro21.pi.net,13,13,13,13,13,13,216,216,216,216,216,216,0,0,0,0,0,0
gti.gti.net,16,16,16,16,16,16,192,192,192,192,192,192,3584,3584,3584,3584,3584,3584
guest4.cni.mid.net,9,9,9,9,9,9,185,185,185,185,185,185,1713,1713,1713,1713,1713,1713
h-avantgarde.dc.infi.net,23,23,23,23,23,23,229,229,229,229,229,229,0,0,0,0,0,0
h-castlerock.norfolk.infi.net,10,10,10,10,10,10,185,185,185,185,185,185,40310,40310,40310,40310,40310,40310
h-centurion.norfolk.infi.net,13,13,13,13,13,13,186,186,186,186,186,186,3985,3985,3985,3985,3985,3985
h-ceserea.nr.infi.net,7,7,7,7,7,7,194,194,194,194,194,194,0,0,0,0,0,0
h-darktower.norfolk.infi.net,22,22,22,22,22,22,186,186,186,186,186,186,527,527,527,527,527,527
h-dclaiborne.norfolk.infi.net,15,15,15,15,15,15,217,217,217,217,217,217,4441,4441,4441,4441,4441,4441
h-ivory.richmond.infi.net,21,21,21,21,21,21,203,203,203,203,203,203,1602,1602,1602,1602,1602,1602
h-lime.richmond.infi.net,15,15,15,15,15,15,189,189,189,189,189,189,234,234,234,234,234,234
h-navy.richmond.infi.net,16,16,16,16,16,16,241,241,241,241,241,241,13372,13372,13372,13372,13372,13372
h-nightflier.norfolk.infi.net,16,16,16,16,16,16,183,183,183,183,183,183,12054,12054,12054,12054,12054,12054
h-peach.richmond.infi.net,18,18,18,18,18,18,189,189,189,189,189,189,1851,1851,1851,1851,1851,1851
h-silverbullet.norfolk.infi.net,13,13,13,13,13,13,197,197,197,197,197,197,527,527,527,527,527,527
hagi-66.kuentos.guam.net,16,16,16,16,16,16,198,198,198,198,198,198,46573,46573,46573,46573,46573,46573
hagi-67.kuentos.guam.net,18,18,18,18,18,18,220,220,220,220,220,220,11264,11264,11264,11264,11264,11264
hmi.can.net,7,7,7,7,7,7,188,188,188,188,188,188,18149,18149,18149,18149,18149,18149
hntp2.hinet.net,3,3,3,3,3,3,237,237,237,237,237,237,786,786,786,786,786,786
honsingr.charm.net,10,10,10,10,10,10,187,187,187,187,187,187,0,0,0,0,0,0
hosts-173.hiwaay.net,17,17,17,17,17,17,197,197,197,197,197,197,0,0,0,0,0,0
hotspur.dialup.access.net,23,23,23,23,23,23,185,185,185,185,185,185,945,945,945,945,945,945
houston-1-11.i-link.net,17,17,17,17,17,17,188,188,188,188,188,188,13372,13372,13372,13372,13372,13372
hun7.ramlink.net,8,8,8,8,8,8,197,197,197,197,197,197,1204,1204,1204,1204,1204,1204
i322.oro.net,1,1,1,1,1,1,208,208,208,208,208,208,509,509,509,509,509,509
indy1.indy.net,20,22,21,22,440,42,186,187,186.5,187,34782,373,3985,3985,3621.5,3985,12983130,7243
indy2.indy.net,8,8,8,8,8,8,215,215,215,215,215,215,786,786,786,786,786,786
indy3.indy.net,10,10,10,10,10,10,187,187,187,187,187,187,527,527,527,527,527,527
indym18.netusa1.net,22,22,22,22,22,22,220,220,220,220,220,220,43798,43798,43798,43798,43798,43798
infomine.net,18,18,18,18,18,18,208,208,208,208,208,208,363,363,363,363,363,363
ip-18-133.medio.net,22,22,22,22,22,22,187,187,187,187,187,187,786,786,786,786,786,786
ip-20-157.medio.net,23,23,23,23,23,23,229,229,229,229,229,229,234,234,234,234,234,234
ip11.iac.net,13,13,13,13,13,13,226,226,226,226,226,226,0,0,0,0,0,0
ip23.infocom.net,13,13,13,13,13,13,204,204,204,204,204,204,49199,49199,49199,49199,49199,49199
ip24.infocom.net,10,10,10,10,10,10,208,208,208,208,208,208,0,0,0,0,0,0
ip4.mind.net,21,21,21,21,21,21,216,216,216,216,216,216,3260,3260,3260,3260,3260,3260
jake-6k.ip.realtime.net,21,21,21,21,21,21,218,218,218,218,218,218,3635,3635,3635,3635,3635,3635
jaxfl2-15.gate.net,12,12,12,12,12,12,208,208,208,208,208,208,363,363,363,363,363,363
jefdavis.tor.hookup.net,16,16,16,16,16,16,243,243,243,243,243,243,17688,17688,17688,17688,17688,17688
jlob.earthlink.net,19,19,19,19,19,19,197,197,197,197,197,197,46573,46573,46573,46573,46573,46573
jobrien-ppp.clark.net,19,19,18.5,19,342,37,231,235,233,235,54285,466,29717,29717,15715,29717,50905221,31430
joelll.tiac.net,17,17,17,17,17,17,205,205,205,205,205,205,3723,3723,3723,3723,3723,3723
jrf.iii.net,5,5,5,5,25,10,222,222,222,222,49284,444,1414,13372,7393,13372,18908008,14786
jroberts.clark.net,14,14,14,14,14,14,194,194,194,194,194,194,14434,14434,14434,14434,14434,14434
jturrell.mi.net,9,9,9,9,9,9,188,188,188,188,188,188,8677,8677,8677,8677,8677,8677
jwroth.earthlink.net,22,22,22,22,22,22,228,228,228,228,228,228,7131,7131,7131,7131,7131,7131
kauai-21.u.aloha.net,2,2,2,2,2,2,204,204,204,204,204,204,5866,5866,5866,5866,5866,5866
ke4odn.scott.net,22,22,22,22,22,22,229,229,229,229,229,229,305722,305722,305722,305722,305722,305722
kfc.vnet.net,11,11,11,11,11,11,190,190,190,190,190,190,1204,1204,1204,1204,1204,1204
kiosk.port.net,12,12,12,12,12,12,197,197,197,197,197,197,200051,200051,200051,200051,200051,200051
kwia.fast.net,16,16,16,16,16,16,222,222,222,222,222,222,669,669,669,669,669,669
lancer1.pb.net,18,18,18,18,18,18,198,198,198,198,198,198,5866,5866,5866,5866,5866,5866
larryd.ppp.intrnet.net,16,16,16,16,16,16,193,193,193,193,193,193,5026,5026,5026,5026,5026,5026
ldfries.clark.net,14,14,14,14,196,28,236,236,236,236,55696,472,1173,46053,23613,46053,54020169,47226
libws2.hiwaay.net,13,13,13,13,13,13,184,184,184,184,184,184,3938,3938,3938,3938,3938,3938
line003.pg.mindlink.net,22,22,22,22,22,22,184,184,184,184,184,184,40310,40310,40310,40310,40310,40310
line004.nwm.mindlink.net,13,13,13,13,13,13,202,202,202,202,202,202,12859,12859,12859,12859,12859,12859
line005.pg.mindlink.net,0,0,0,0,0,0,194,194,194,194,194,194,28219,28219,28219,28219,28219,28219
line017.nwm.mindlink.net,17,17,17,17,17,17,242,242,242,242,242,242,240458,240458,240458,240458,240458,240458
line108.nwm.mindlink.net,17,17,17,17,17,17,229,229,229,229,229,229,46053,46053,46053,46053,46053,46053
line121.nwm.mindlink.net,22,22,22,22,22,22,209,209,209,209,209,209,32511,32511,32511,32511,32511,32511
line175.nwm.mindlink.net,22,22,22,22,22,22,228,228,228,228,228,228,11836,11836,11836,11836,11836,11836
linuser13.li.net,4,4,4,4,4,4,206,206,206,206,206,206,9866,9866,9866,9866,9866,9866
linuser14.li.net,21,21,21,21,21,21,218,218,218,218,218,218,0,0,0,0,0,0
linuser19.li.net,14,14,14,14,14,14,222,222,222,222,222,222,0,0,0,0,0,0
mac9.guilford.interpath.net,18,18,18,18,18,18,216,216,216,216,216,216,4665,4665,4665,4665,4665,4665
main.pipex.net,6,6,6,6,6,6,195,195,195,195,195,195,16966,16966,16966,16966,16966,16966
maria-6p.ip.realtime.net,15,15,15,15,15,15,217,217,217,217,217,217,1173,1173,1173,1173,1173,1173
marion25.midwest.net,7,7,7,7,7,7,231,231,231,231,231,231,0,0,0,0,0,0
marion7.midwest.net,17,17,17,17,17,17,238,238,238,238,238,238,4745,4745,4745,4745,4745,4745
maui56.maui.net,22,22,22,22,22,22,213,213,213,213,213,213,46573,46573,46573,46573,46573,46573
max1-95.hiwaay.net,17,17,17,17,17,17,234,234,234,234,234,234,0,0,0,0,0,0
maz3.maz.net,14,14,14.5,18,42336,58,184,222,213.75,228,2058249024,855,40310,8529,14278.25,40310,5785352359017270,57113
med-pm1-014.cdsnet.net,10,10,10,10,10,10,195,195,195,195,195,195,136806,136806,136806,136806,136806,136806
mhansard.sprint.dialup.net,18,18,18,18,18,18,221,221,221,221,221,221,786,786,786,786,786,786
miafl2-9.gate.net,20,20,20,20,20,20,190,190,190,190,190,190,509,509,509,509,509,509
mke-ppp-24.inc.net,7,7,7,7,7,7,198,198,198,198,198,198,13387,13387,13387,13387,13387,13387
mlbfl2-20.gate.net,8,8,8,8,8,8,205,205,205,205,205,205,786,786,786,786,786,786
mlbfl2-32.gate.net,18,18,18,18,18,18,241,241,241,241,241,241,13380,13380,13380,13380,13380,13380
modem2-14.planete.net,6,6,6,6,6,6,182,182,182,182,182,182,4377,4377,4377,4377,4377,4377
mpk.dialup.access.net,22,22,22,22,22,22,228,228,228,228,228,228,9866,9866,9866,9866,9866,9866
mpngate1.ny.us.ibm.net,12,12,11.25,16,195955200,90,240,229,226.5,240,6882039228504960000,1812,786,786,1564.5,7008,782540894238458851098624,12516
mpngate5.ny.us.ibm.net,8,8,8,8,8,8,237,237,237,237,237,237,1871,1871,1871,1871,1871,1871
msagrans.clark.net,7,7,7,7,7,7,199,199,199,199,199,199,669,669,669,669,669,669
msn_3_5.binc.net,12,12,12,12,12,12,228,228,228,228,228,228,1204,1204,1204,1204,1204,1204
msn_3_6.binc.net,11,11,11,11,11,11,188,188,188,188,188,188,7067,7067,7067,7067,7067,7067
msp6-12.nas.mr.net,13,13,13,13,13,13,198,198,198,198,198,198,1713,1713,1713,1713,1713,1713
msp6-8.nas.mr.net,7,7,7,7,7,7,188,188,188,188,188,188,786,786,786,786,786,786
msp82-1.nas.mr.net,15,15,15,15,15,15,194,194,194,194,194,194,696,696,696,696,696,696
n111.solano.community.net,0,0,0,0,0,0,182,182,182,182,182,182,5052,5052,5052,5052,5052,5052
nash1-ppp19.empire.net,17,17,17,17,17,17,206,206,206,206,206,206,0,0,0,0,0,0
nb-208.bmi.net,18,18,18,18,18,18,187,187,187,187,187,187,4524,4524,4524,4524,4524,4524
netblazer1-s21.telalink.net,11,11,11,11,11,11,199,199,199,199,199,199,5026,5026,5026,5026,5026,5026
netport-13.iu.net,18,18,18,18,18,18,242,242,242,242,242,242,363,363,363,363,363,363
netport-16.iu.net,5,5,5,5,5,5,187,187,187,187,187,187,7067,7067,7067,7067,7067,7067
netport-20.iu.net,19,19,19,19,361,38,228,228,228,228,51984,456,669,9630,5149.5,9630,6442470,10299
netport-21.iu.net,7,7,7,7,49,14,233,233,233,233,54289,466,786,786,393,786,0,786
netport-23.iu.net,8,8,8,8,8,8,183,183,183,183,183,183,3933,3933,3933,3933,3933,3933
netport-29.iu.net,15,16,16.666667,19,4560,50,221,221,214.333333,221,9817041,643,509,1733,10153.666667,28219,24891895243,30461
netport-38.iu.net,11,11,11,11,11,11,239,239,239,239,239,239,4441,4441,4441,4441,4441,4441
netuser14.ncw.net,17,17,17,17,17,17,200,200,200,200,200,200,65576,65576,65576,65576,65576,65576
nts1-3.interaccess.net,14,14,14,14,14,14,218,218,218,218,218,218,46053,46053,46053,46053,46053,46053
oak.can.net,21,21,21,21,21,21,195,195,195,195,195,195,1993,1993,1993,1993,1993,1993
okc36.icon.net,0,0,0,0,0,0,224,224,224,224,224,224,1204,1204,1204,1204,1204,1204
olympus.itl.net,5,5,5,5,5,5,209,209,209,209,209,209,20226,20226,20226,20226,20226,20226
onramp1-17.i2020.net,9,9,9,9,9,9,182,182,182,182,182,182,40310,40310,40310,40310,40310,40310
orlfl2-20.gate.net,12,12,12,12,12,12,203,203,203,203,203,203,13372,13372,13372,13372,13372,13372
orlfl2-42.gate.net,21,21,21,21,21,21,227,227,227,227,227,227,1414,1414,1414,1414,1414,1414
osip18.ionet.net,20,20,20,20,20,20,219,219,219,219,219,219,363,363,363,363,363,363
osip56.ionet.net,13,13,13,13,13,13,182,182,182,182,182,182,12054,12054,12054,12054,12054,12054
p01.accesscom.net,18,18,18,18,18,18,240,240,240,240,240,240,363,363,363,363,363,363
p3-term1.inetdirect.net,8,8,8,8,8,8,197,197,197,197,197,197,8678,8678,8678,8678,8678,8678
p35.superlink.net,15,15,15,15,15,15,182,182,182,182,182,182,77187,77187,77187,77187,77187,77187
p5.superlink.net,18,18,18,18,324,36,202,202,202,202,40804,404,527,1607,1067,1607,846889,2134
pc4.interport.net,7,7,7,7,7,7,207,207,207,207,207,207,712,712,712,712,712,712
pc57.shownet.bbnplanet.net,13,13,13,13,13,13,201,201,201,201,201,201,8678,8678,8678,8678,8678,8678
pcshs.sierra.net,21,21,21,21,21,21,192,192,192,192,192,192,1713,1713,1713,1713,1713,1713
pgraeber.sensemedia.net,17,17,17,17,17,17,193,193,193,193,193,193,4441,4441,4441,4441,4441,4441
pm003-05.dialip.mich.net,9,9,9,9,9,9,183,183,183,183,183,183,7074,7074,7074,7074,7074,7074
pm004-17.dialip.mich.net,12,12,12,12,12,12,215,215,215,215,215,215,1583,1583,1583,1583,1583,1583
pm012-11.dialip.mich.net,10,10,10,10,10,10,184,184,184,184,184,184,0,0,0,0,0,0
pm017-09.dialup.mich.net,20,20,20,20,20,20,189,189,189,189,189,189,9376,9376,9376,9376,9376,9376
pm035-03.dialip.mich.net,18,18,18,18,18,18,189,189,189,189,189,189,3047,3047,3047,3047,3047,3047
pm1-04.in.net,19,19,19,19,19,19,189,189,189,189,189,189,1602,1602,1602,1602,1602,1602
pm1-06.magicnet.net,17,17,17,17,17,17,244,244,244,244,244,244,786,786,786,786,786,786
pm1-13.skypoint.net,21,21,21,21,21,21,193,193,193,193,193,193,13664,13664,13664,13664,13664,13664
pm1-18.niia.net,14,14,14,14,14,14,233,233,233,233,233,233,0,0,0,0,0,0
pm1-20.magicnet.net,7,7,7,7,7,7,183,183,183,183,183,183,786,786,786,786,786,786
pm1-25.magicnet.net,17,17,17,17,17,17,192,192,192,192,192,192,36811,36811,36811,36811,36811,36811
pm1-28.magicnet.net,17,17,17,17,17,17,192,192,192,192,192,192,34688,34688,34688,34688,34688,34688
pm1-orl29.iag.net,17,17,17,17,17,17,230,230,230,230,230,230,122880,122880,122880,122880,122880,122880
pm1-orl9.iag.net,7,7,7,7,7,7,187,187,187,187,187,187,234,234,234,234,234,234
pm156-52.smartlink.net,8,8,8,8,8,8,185,185,185,185,185,185,3985,3985,3985,3985,3985,3985
pm16.ilhawaii.net,0,0,0,0,0,0,209,209,209,209,209,209,1204,1204,1204,1204,1204,1204
pm1_1.netplus.net,20,20,20,20,20,20,187,187,187,187,187,187,1204,1204,1204,1204,1204,1204
pm1ip10.albany.net,18,18,18,18,18,18,243,243,243,243,243,243,8089,8089,8089,8089,8089,8089
pm2-23.magicnet.net,6,6,6,6,6,6,238,238,238,238,238,238,12560,12560,12560,12560,12560,12560
pm2-25.magicnet.net,18,18,18,18,18,18,194,194,194,194,194,194,1157,1157,1157,1157,1157,1157
pm2-26.tricon.net,16,16,16,16,16,16,228,228,228,228,228,228,363,363,363,363,363,363
pm2-43.tvs.net,12,12,12,12,12,12,219,219,219,219,219,219,8529,8529,8529,8529,8529,8529
pm2-orl10.iag.net,14,14,14,14,14,14,228,228,228,228,228,228,669,669,669,669,669,669
pm2_1.digital.net,14,14,13.5,14,182,27,186,188,187,188,34968,374,786,786,786,786,617796,1572
pm2_13.digital.net,17,17,17,17,17,17,183,183,183,183,183,183,1204,1204,1204,1204,1204,1204
pm2_14.digital.net,3,19,11,19,57,22,193,195,194,195,37635,388,0,0,0,0,0,0
pm2_15.digital.net,4,4,4,4,4,4,195,195,195,195,195,195,0,0,0,0,0,0
pm2_17.digital.net,15,15,15,15,15,15,241,241,241,241,241,241,669,669,669,669,669,669
pm2_18.digital.net,18,18,14.5,18,198,29,203,207,205,207,42021,410,1173,1173,586.5,1173,0,1173
pm2_19.digital.net,2,2,2,2,2,2,240,240,240,240,240,240,786,786,786,786,786,786
pm2_2.digital.net,9,9,9,9,9,9,215,215,215,215,215,215,308,308,308,308,308,308
pm2_23.digital.net,9,9,9,9,9,9,215,215,215,215,215,215,0,0,0,0,0,0
pm2_24.digital.net,18,18,18,18,18,18,186,186,186,186,186,186,0,0,0,0,0,0
pm2_26.digital.net,16,16,16,16,16,16,208,208,208,208,208,208,509,509,509,509,509,509
pm2_29.digital.net,10,10,10,10,10,10,190,190,190,190,190,190,0,0,0,0,0,0
pm2_3.digital.net,6,9,7.5,9,54,15,195,241,218,241,46995,436,669,786,727.5,786,525834,1455
pm2_7.digital.net,6,6,6,6,6,6,206,206,206,206,206,206,0,0,0,0,0,0
pm3-20.magicnet.net,17,17,17,17,17,17,209,209,209,209,209,209,786,786,786,786,786,786
pm3_2.digital.net,13,13,13,13,13,13,196,196,196,196,196,196,2167,2167,2167,2167,2167,2167
pm3_23.digital.net,16,16,16,16,16,16,243,243,243,243,243,243,669,669,669,669,669,669
pm4-119.skypoint.net,12,12,12,12,12,12,239,239,239,239,239,239,8529,8529,8529,8529,8529,8529
pm4_3.digital.net,19,19,19,19,19,19,185,185,185,185,185,185,2537,2537,2537,2537,2537,2537
pm4_8.digital.net,15,15,15,15,15,15,243,243,243,243,243,243,8529,8529,8529,8529,8529,8529
pm56.csra.net,15,15,15,15,15,15,229,229,229,229,229,229,4441,4441,4441,4441,4441,4441
pm66-52.smartlink.net,18,18,18,18,18,18,186,186,186,186,186,186,13469,13469,13469,13469,13469,13469
pm69.smartlink.net,20,20,20,20,20,20,200,200,200,200,200,200,669,669,669,669,669,669
pmcol15.ebicom.net,3,3,3,3,3,3,237,237,237,237,237,237,651,651,651,651,651,651
pnp.delta.net,11,11,11,11,11,11,234,234,234,234,234,234,1204,1204,1204,1204,1204,1204
pool1_12.odyssee.net,20,20,20,20,400,40,187,187,187,187,34969,374,3258,3258,1892.5,3258,1716966,3785
pool1_14.odyssee.net,12,12,12,12,12,12,234,234,234,234,234,234,3635,3635,3635,3635,3635,3635
pool3_10.odyssee.net,12,12,12,12,144,24,236,236,236,236,55696,472,12560,12560,6866.5,12560,14732880,13733
pool3_6.odyssee.net,12,12,12,12,12,12,235,235,235,235,235,235,8677,8677,8677,8677,8677,8677
pool56.maple.net,16,16,16,16,16,16,202,202,202,202,202,202,57344,57344,57344,57344,57344,57344
port-1-4.access.one.net,21,21,21,21,21,21,203,203,203,203,203,203,4324,4324,4324,4324,4324,4324
port1.csnet.net,21,21,21,21,21,21,237,237,237,237,237,237,25218,25218,25218,25218,25218,25218
port119.iwaynet.net,6,6,6,6,6,6,198,198,198,198,198,198,363,363,363,363,363,363
port15.cos2-annex.usa.net,8,8,8,8,8,8,243,243,243,243,243,243,3709,3709,3709,3709,3709,3709
port19.annex1.naples.net,10,10,10,10,10,10,243,243,243,243,243,243,11853,11853,11853,11853,11853,11853
port19.fishnet.net,20,20,20,20,20,20,240,240,240,240,240,240,234,234,234,234,234,234
port5.mhill.ind.net,20,20,20,20,20,20,230,230,230,230,230,230,786,786,786,786,786,786
port5.xyplex-1.bihs.net,18,18,18,18,18,18,200,200,200,200,200,200,12283,12283,12283,12283,12283,12283
porta12.chattanooga.net,22,22,22,22,22,22,235,235,235,235,235,235,4745,4745,4745,4745,4745,4745
ppp-2-15.iadfw.net,14,14,14,14,14,14,185,185,185,185,185,185,3214,3214,3214,3214,3214,3214
ppp-3-30.iadfw.net,22,22,22,22,22,22,184,184,184,184,184,184,1157,1157,1157,1157,1157,1157
ppp-ftl1-74.shadow.net,11,11,11,11,11,11,204,204,204,204,204,204,786,786,786,786,786,786
ppp-ftl2-15.shadow.net,21,21,20.5,21,420,41,184,193,188.5,193,35512,377,308,1136,722,1136,349888,1444
ppp-ftl2-18.shadow.net,18,18,18,18,18,18,199,199,199,199,199,199,3635,3635,3635,3635,3635,3635
ppp-wpb-145.shadow.net,18,18,18,18,18,18,187,187,187,187,187,187,4347,4347,4347,4347,4347,4347
ppp1.accesscom.net,20,20,20,20,20,20,183,183,183,183,183,183,40310,40310,40310,40310,40310,40310
ppp1.waterloo.net,13,13,13,13,13,13,239,239,239,239,239,239,8495,8495,8495,8495,8495,8495
ppp105.dayton.net,17,17,17,17,17,17,197,197,197,197,197,197,41397,41397,41397,41397,41397,41397
ppp11.atlantic.net,20,20,20,20,20,20,202,202,202,202,202,202,527,527,527,527,527,527
ppp11.net99.net,20,20,20,20,20,20,190,190,190,190,190,190,669,669,669,669,669,669
ppp135.iadfw.net,19,19,19,19,19,19,184,184,184,184,184,184,527,527,527,527,527,527
ppp160.iadfw.net,21,21,21,21,21,21,182,182,182,182,182,182,78588,78588,78588,78588,78588,78588
ppp161.iadfw.net,11,11,11,11,11,11,187,187,187,187,187,187,3985,3985,3985,3985,3985,3985
ppp17.jax-inter.net,9,9,9,9,9,9,242,242,242,242,242,242,669,669,669,669,669,669
ppp182.iadfw.net,0,0,0,0,0,0,190,190,190,190,190,190,527,527,527,527,527,527
ppp230.iadfw.net,17,17,17,17,17,17,186,186,186,186,186,186,13469,13469,13469,13469,13469,13469
ppp4.cy-net.net,21,21,21,21,21,21,243,243,243,243,243,243,0,0,0,0,0,0
ppp5.profile.net,19,19,19,19,19,19,183,183,183,183,183,183,47145,47145,47145,47145,47145,47145
ppp82.cinenet.net,20,20,20,20,20,20,187,187,187,187,187,187,12054,12054,12054,12054,12054,12054
pslip082.ksc-fl.ids.net,20,20,18.5,20,340,37,196,202,199,202,39592,398,363,1173,768,1173,425799,1536
pslip224.egr-ri.ids.net,20,20,20,20,20,20,234,234,234,234,234,234,152679,152679,152679,152679,152679,152679
ptp00.pig.net,18,18,18,18,18,18,205,205,205,205,205,205,17459,17459,17459,17459,17459,17459
ptp20.pig.net,19,19,19,19,19,19,228,228,228,228,228,228,234,234,234,234,234,234
ptpm001.olympus.net,9,9,9,9,9,9,195,195,195,195,195,195,12859,12859,12859,12859,12859,12859
pyxis.pdial.interpath.net,9,9,9,9,9,9,231,231,231,231,231,231,1289,1289,1289,1289,1289,1289
qrvlppp14.epix.net,20,20,20,20,20,20,219,219,219,219,219,219,363,363,363,363,363,363
queen.torfree.net,22,22,22,22,22,22,182,182,182,182,182,182,13469,13469,13469,13469,13469,13469
randolph-3.peoples.net,14,14,14,14,14,14,236,236,236,236,236,236,363,363,363,363,363,363
rayncath.igs.net,10,10,10,10,10,10,190,190,190,190,190,190,4179,4179,4179,4179,4179,4179
rhin-cs-1.newnorth.net,8,8,8,8,8,8,229,229,229,229,229,229,5008,5008,5008,5008,5008,5008
rocks.tiac.net,17,17,17,17,17,17,184,184,184,184,184,184,7634,7634,7634,7634,7634,7634
rot56.pi.net,13,13,13,13,13,13,240,240,240,240,240,240,669,669,669,669,669,669
roy.vnet.net,12,12,12,12,12,12,190,190,190,190,190,190,0,0,0,0,0,0
runabout1-11.igc.net,15,15,15,15,15,15,239,239,239,239,239,239,5052,5052,5052,5052,5052,5052
rush.internic.net,22,22,17,23,11132,68,194,194,194,194,1416468496,776,0,752,376,752,0,1504
s17-pm01.sierra.campus.mci.net,13,13,13,13,13,13,242,242,242,242,242,242,9630,9630,9630,9630,9630,9630
s1c1p2.aa.net,0,0,0,0,0,0,191,191,191,191,191,191,1932,1932,1932,1932,1932,1932
s2c0p5.aa.net,20,20,20,20,20,20,207,207,207,207,207,207,49590,49590,49590,49590,49590,49590
s4125.netins.net,17,17,17,17,17,17,192,192,192,192,192,192,13116,13116,13116,13116,13116,13116
sanantonio-1-4.i-link.net,9,9,9,9,9,9,189,189,189,189,189,189,1414,1414,1414,1414,1414,1414
sarfl-3.gate.net,18,18,18,18,18,18,223,223,223,223,223,223,11175,11175,11175,11175,11175,11175
sbsr.u.aloha.net,21,21,21,21,21,21,188,188,188,188,188,188,786,786,786,786,786,786
sea-ts1-p14.wolfe.net,21,21,21,21,21,21,186,186,186,186,186,186,12451,12451,12451,12451,12451,12451
sea-ts1-p19.wolfe.net,2,2,2,2,2,2,190,190,190,190,190,190,7008,7008,7008,7008,7008,7008
sea-ts1-p20.wolfe.net,17,17,17,17,17,17,185,185,185,185,185,185,3047,3047,3047,3047,3047,3047
server2-2.durham.net,20,20,20,20,20,20,186,186,186,186,186,186,3842,3842,3842,3842,3842,3842
session1.apci.net,5,5,5,5,5,5,242,242,242,242,242,242,11473,11473,11473,11473,11473,11473
sgtdial05.shout.net,14,14,14,14,14,14,200,200,200,200,200,200,3528,3528,3528,3528,3528,3528
skelly.wat.hookup.net,9,9,9,9,9,9,230,230,230,230,230,230,17688,17688,17688,17688,17688,17688
slcmodem1-p1-13.intele.net,20,20,20,20,20,20,220,220,220,220,220,220,12859,12859,12859,12859,12859,12859
slcmodem1-p1-15.intele.net,9,9,9,9,9,9,242,242,242,242,242,242,515,515,515,515,515,515
slcmodem1-p1-4.intele.net,14,14,14,14,14,14,207,207,207,207,207,207,4209,4209,4209,4209,4209,4209
slip-0-8.shore.net,20,20,20,20,20,20,199,199,199,199,199,199,5026,5026,5026,5026,5026,5026
slip-3-5.shore.net,16,16,16,16,16,16,242,242,242,242,242,242,3635,3635,3635,3635,3635,3635
slip-5-7.shore.net,19,19,19,19,19,19,228,228,228,228,228,228,3260,3260,3260,3260,3260,3260
slip1.elysian.net,8,8,8,8,8,8,197,197,197,197,197,197,7008,7008,7008,7008,7008,7008
slip1.fs.cei.net,12,12,12,12,12,12,184,184,184,184,184,184,363,363,363,363,363,363
slip108.hk.super.net,4,4,4,4,4,4,187,187,187,187,187,187,1713,1713,1713,1713,1713,1713
slip116-133.nc.us.ibm.net,20,20,20,20,20,20,183,183,183,183,183,183,1204,1204,1204,1204,1204,1204
slip117-17.nc.us.ibm.net,20,20,20,20,20,20,199,199,199,199,199,199,4821,4821,4821,4821,4821,4821
slip12.duncan.island.net,21,21,21,21,21,21,231,231,231,231,231,231,669,669,669,669,669,669
slip13.cedar1.tcd.net,23,23,23,23,23,23,228,228,228,228,228,228,1713,1713,1713,1713,1713,1713
slip136-160.pt.uk.ibm.net,5,5,5,5,5,5,204,204,204,204,204,204,363,363,363,363,363,363
slip136-219.pt.uk.ibm.net,13,13,13,13,13,13,185,185,185,185,185,185,7074,7074,7074,7074,7074,7074
slip137-5.pt.uk.ibm.net,23,23,23,23,23,23,182,182,182,182,182,182,86381,86381,86381,86381,86381,86381
slip137-50.pt.uk.ibm.net,13,13,13,13,13,13,208,208,208,208,208,208,1173,1173,1173,1173,1173,1173
slip144-130.ut.nl.ibm.net,3,3,3,3,3,3,188,188,188,188,188,188,5866,5866,5866,5866,5866,5866
slip144-204.ut.nl.ibm.net,13,13,13,13,13,13,192,192,192,192,192,192,1173,1173,1173,1173,1173,1173
slip159.hk.super.net,8,8,8,8,8,8,190,190,190,190,190,190,234,234,234,234,234,234
slip161.hk.super.net,0,0,0,0,0,0,200,200,200,200,200,200,786,786,786,786,786,786
slip168-204.sy.au.ibm.net,18,18,18,18,18,18,232,232,232,232,232,232,7131,7131,7131,7131,7131,7131
slip168-71.sy.au.ibm.net,23,23,23,23,23,23,237,237,237,237,237,237,5866,5866,5866,5866,5866,5866
slip169-10.sy.au.ibm.net,4,4,4,4,4,4,238,238,238,238,238,238,12859,12859,12859,12859,12859,12859
slip174-204.wl.nz.ibm.net,2,2,2,2,2,2,241,241,241,241,241,241,308,308,308,308,308,308
slip177-72.kw.jp.ibm.net,7,7,7,7,7,7,242,242,242,242,242,242,13583,13583,13583,13583,13583,13583
slip180.hk.super.net,20,20,20,20,20,20,185,185,185,185,185,185,3985,3985,3985,3985,3985,3985
slip183-1.kw.jp.ibm.net,5,5,5,5,5,5,206,206,206,206,206,206,11853,11853,11853,11853,11853,11853
slip2.stgeorge.tcd.net,8,8,8,8,8,8,194,194,194,194,194,194,7062,7062,7062,7062,7062,7062
slip216.hk.super.net,6,6,6,6,6,6,231,231,231,231,231,231,1204,1204,1204,1204,1204,1204
slip27.hk.super.net,3,3,3,3,3,3,202,202,202,202,202,202,46573,46573,46573,46573,46573,46573
slip3-195.fl.us.ibm.net,8,8,8,8,8,8,208,208,208,208,208,208,9630,9630,9630,9630,9630,9630
slip3-202.fl.us.ibm.net,20,20,20,20,20,20,205,205,205,205,205,205,234,234,234,234,234,234
slip30.ice.net,7,7,7,7,7,7,190,190,190,190,190,190,14120,14120,14120,14120,14120,14120
slip34-206.il.us.ibm.net,18,18,18,18,18,18,229,229,229,229,229,229,5866,5866,5866,5866,5866,5866
slip37-139.il.us.ibm.net,19,19,19,19,19,19,198,198,198,198,198,198,3723,3723,3723,3723,3723,3723
slip37-198.il.us.ibm.net,19,19,19,19,19,19,219,219,219,219,219,219,1687,1687,1687,1687,1687,1687
slip37-222.il.us.ibm.net,18,18,18,18,18,18,223,223,223,223,223,223,5866,5866,5866,5866,5866,5866
slip37.gulf.net,17,17,17,17,17,17,185,185,185,185,185,185,61490,61490,61490,61490,61490,61490
slip38-14.il.us.ibm.net,14,14,14,14,14,14,203,203,203,203,203,203,8678,8678,8678,8678,8678,8678
slip4-212.fl.us.ibm.net,13,13,13,13,13,13,190,190,190,190,190,190,3258,3258,3258,3258,3258,3258
slip4-5.mountain.net,15,15,15,15,15,15,192,192,192,192,192,192,530,530,530,530,530,530
slip4.island.net,16,16,16,16,16,16,230,230,230,230,230,230,7008,7008,7008,7008,7008,7008
slip5-199.fl.us.ibm.net,17,17,17,17,17,17,189,189,189,189,189,189,14977,14977,14977,14977,14977,14977
slip50-1.ca.us.ibm.net,23,23,23,23,23,23,201,201,201,201,201,201,13994,13994,13994,13994,13994,13994
slip50-129.ca.us.ibm.net,12,13,12.5,13,156,25,202,202,202,202,40804,404,4179,84905,44542,84905,354817995,89084
slip6.cei.net,22,22,22,22,22,22,237,237,237,237,237,237,13372,13372,13372,13372,13372,13372
slip7-5.fl.us.ibm.net,22,22,22,22,22,22,188,188,188,188,188,188,9630,9630,9630,9630,9630,9630
slip80-143.ma.us.ibm.net,8,8,8,8,8,8,183,183,183,183,183,183,234,234,234,234,234,234
slip96-66.tx.us.ibm.net,16,16,16,16,16,16,184,184,184,184,184,184,34029,34029,34029,34029,34029,34029
sol-p1-51.alaska.net,13,13,13,13,13,13,183,183,183,183,183,183,945,945,945,945,945,945
srmc.tiac.net,17,17,17,17,17,17,194,194,194,194,194,194,0,0,0,0,0,0
srs.surf.tach.net,5,5,5,5,5,5,193,193,193,193,193,193,786,786,786,786,786,786
starmet.tyrell.net,11,11,11,11,11,11,187,187,187,187,187,187,5866,5866,5866,5866,5866,5866
stc1-1.nas.mr.net,17,17,17,17,17,17,183,183,183,183,183,183,3635,3635,3635,3635,3635,3635
stemmons08.onramp.net,7,7,7,7,49,14,241,241,241,241,58081,482,13372,13372,7288,13372,16099888,14576
stemmons20.onramp.net,8,8,8,8,8,8,183,183,183,183,183,183,3635,3635,3635,3635,3635,3635
stemmons27.onramp.net,21,21,21,21,21,21,232,232,232,232,232,232,0,0,0,0,0,0
stemmons34.onramp.net,18,18,18,18,18,18,227,227,227,227,227,227,81920,81920,81920,81920,81920,81920
stockyard17.onramp.net,21,21,21,21,21,21,213,213,213,213,213,213,1173,1173,1173,1173,1173,1173
tc1_19.teclink.net,16,16,16,16,16,16,238,238,238,238,238,238,127045,127045,127045,127045,127045,127045
term05.vol.net,5,5,5,5,5,5,201,201,201,201,201,201,786,786,786,786,786,786
term20.vol.net,5,5,5,5,5,5,243,243,243,243,243,243,18149,18149,18149,18149,18149,18149
thedave-ppp.clark.net,17,17,17,17,17,17,186,186,186,186,186,186,18149,18149,18149,18149,18149,18149
thimble-d221.sierra.net,9,9,9,9,9,9,226,226,226,226,226,226,8677,8677,8677,8677,8677,8677
tpafl-13.gate.net,17,17,17,17,17,17,195,195,195,195,195,195,1204,1204,1204,1204,1204,1204
tpafl-22.gate.net,0,0,0,0,0,0,190,190,190,190,190,190,957,957,957,957,957,957
tpafl-24.gate.net,8,8,8,8,8,8,183,183,183,183,183,183,40310,40310,40310,40310,40310,40310
trexro-ppp.clark.net,17,17,17,17,17,17,185,185,185,185,185,185,30067,30067,30067,30067,30067,30067
tristate.pgh.net,11,11,11,11,11,11,190,190,190,190,190,190,4943,4943,4943,4943,4943,4943
ts00-ind-25.iquest.net,10,10,10,10,10,10,227,227,227,227,227,227,2537,2537,2537,2537,2537,2537
ts01-ind-18.iquest.net,9,9,9,9,9,9,188,188,188,188,188,188,21957,21957,21957,21957,21957,21957
ts02-ind-23.iquest.net,13,13,13,13,13,13,232,232,232,232,232,232,527,527,527,527,527,527
ts02-ind-28.iquest.net,22,22,22,22,22,22,208,208,208,208,208,208,155648,155648,155648,155648,155648,155648
ts1-01.inforamp.net,23,23,23,23,23,23,202,202,202,202,202,202,1932,1932,1932,1932,1932,1932
ts1-06.inforamp.net,16,16,16,16,16,16,197,197,197,197,197,197,0,0,0,0,0,0
ts1-and-24.iquest.net,8,8,8,8,8,8,183,183,183,183,183,183,363,363,363,363,363,363
ts1.cdsnet.net,22,22,22,22,22,22,241,241,241,241,241,241,786,786,786,786,786,786
ts1_port25.planet.eon.net,22,22,22,22,22,22,195,195,195,195,195,195,1204,1204,1204,1204,1204,1204
ts3-02.inforamp.net,16,16,16,16,16,16,197,197,197,197,197,197,0,0,0,0,0,0
ts3-12.inforamp.net,9,9,9,9,81,18,206,206,206,206,42436,412,18149,18149,18149,18149,329386201,36298
ts5-14.inforamp.net,21,21,21,21,21,21,186,186,186,186,186,186,40310,40310,40310,40310,40310,40310
tty10ee.netropolis.net,20,20,20,20,20,20,232,232,232,232,232,232,3381,3381,3381,3381,3381,3381
tty10i.netropolis.net,17,17,17,17,17,17,244,244,244,244,244,244,13372,13372,13372,13372,13372,13372
ttyua.tyrell.net,19,19,19,19,19,19,183,183,183,183,183,183,3258,3258,3258,3258,3258,3258
turnpike02.onramp.net,22,22,22,22,22,22,192,192,192,192,192,192,4209,4209,4209,4209,4209,4209
turnpike35.onramp.net,13,13,13,13,13,13,194,194,194,194,194,194,1204,1204,1204,1204,1204,1204
unicompt304.unicomp.net,15,15,15,15,15,15,230,230,230,230,230,230,3714,3714,3714,3714,3714,3714
unix.trilogy.net,5,5,5,5,5,5,183,183,183,183,183,183,3985,3985,3985,3985,3985,3985
usr12-dialup12.atlanta.mci.net,17,17,17,17,17,17,240,240,240,240,240,240,3826,3826,3826,3826,3826,3826
usr12-dialup39.atlanta.mci.net,5,5,5,5,5,5,230,230,230,230,230,230,1204,1204,1204,1204,1204,1204
usr13-dialup33.chicago.mci.net,20,20,20,20,20,20,220,220,220,220,220,220,509,509,509,509,509,509
usr13-dialup48.atlanta.mci.net,11,11,11,11,11,11,223,223,223,223,223,223,11264,11264,11264,11264,11264,11264
usr14-dialup50.atlanta.mci.net,7,7,7,7,7,7,237,237,237,237,237,237,25218,25218,25218,25218,25218,25218
usr14-dialup52.atlanta.mci.net,19,19,19,19,19,19,206,206,206,206,206,206,5978,5978,5978,5978,5978,5978
usr18-dialup18.atlanta.mci.net,11,11,11,11,11,11,223,223,223,223,223,223,786,786,786,786,786,786
utex.tor.hookup.net,10,10,10,10,10,10,194,194,194,194,194,194,65536,65536,65536,65536,65536,65536
utr0059.pi.net,8,8,8,8,8,8,229,229,229,229,229,229,65536,65536,65536,65536,65536,65536
vernon-01.junction.net,14,14,14,14,14,14,229,229,229,229,229,229,363,363,363,363,363,363
violin-05.synapse.net,23,23,23,23,23,23,213,213,213,213,213,213,1932,1932,1932,1932,1932,1932
vyger313.nando.net,14,14,14,14,14,14,207,207,207,207,207,207,36902,36902,36902,36902,36902,36902
vyger403.nando.net,12,12,12,12,12,12,190,190,190,190,190,190,0,0,0,0,0,0
vyger505.nando.net,22,22,22,22,22,22,205,205,205,205,205,205,46573,46573,46573,46573,46573,46573
vyger609.nando.net,19,19,19,19,19,19,189,189,189,189,189,189,372,372,372,372,372,372
wctc-cs-1.wctc.net,16,16,16,16,16,16,195,195,195,195,195,195,3260,3260,3260,3260,3260,3260
wpb-101.magg.net,10,10,10,10,10,10,243,243,243,243,243,243,2286,2286,2286,2286,2286,2286
wpb-111.magg.net,19,19,19,19,19,19,240,240,240,240,240,240,3626,3626,3626,3626,3626,3626
www.bconnex.net,17,17,17,17,17,17,230,230,230,230,230,230,69067,69067,69067,69067,69067,69067
www.ottawa.net,7,7,7,7,7,7,230,230,230,230,230,230,12859,12859,12859,12859,12859,12859
xr01-a17.citenet.net,20,20,20,20,20,20,185,185,185,185,185,185,7634,7634,7634,7634,7634,7634
y1b.kootenay.net,16,16,16,16,16,16,194,194,194,194,194,194,25218,25218,25218,25218,25218,25218
zeppo.interpath.net,6,6,6,6,6,6,219,219,219,219,219,219,3635,3635,3635,3635,3635,3635
